{
  "mclass": "Postprocessor", 
  "settings": {
    "field_name": "number", 
    "patterns": {
      "number_amex": {
        "min_top_characters": 7, 
        "value": "3### ###### #####", 
        "weight": 1.0
      }, 
      "number_dinersclub": {
        "min_top_characters": 7, 
        "value": "3### ###### ####", 
        "weight": 0.9
      }, 
      "number_maestro": {
        "min_top_characters": 9, 
        "value": "6####### ##########", 
        "weight": 1.0
      }, 
      "number_mir18": {
        "min_top_characters": 13, 
        "value": "2####### ##########", 
        "weight": 1.0
      }, 
      "number_mir19": {
        "min_top_characters": 10, 
        "value": "2##################", 
        "weight": 1.0
      }, 
      "number_mir19_spaced": {
        "min_top_characters": 13, 
        "value": "2### #### #### #######", 
        "weight": 1.0
      }, 
      "number_standard": {
        "min_top_characters": 8, 
        "value": "#### #### #### ####", 
        "weight": 1.0
      }
    }, 
    "side_spaces": 0
  }, 
  "type": "pattern"
}