{
  "mclass": "Postprocessor", 
  "settings": {
    "expdate_candidate_fields": ["text_line_0", "text_line_1"], 
    "expdate_output_field_name": "expiry_date", 
    "expdate_pattern_extraction_indices": {
      "expdate_00": [0, 1, 2, 3, 4], 
      "expdate_01": [0, 1, 2, 3, 4], 
      "expdate_02": [6, 7, 8, 9, 10], 
      "expdate_03": [0, 1, 2, 6, 7], 
      "expdate_04": [0, 1, 2, 4, 5], 
      "expdate_05": [0, 1, 2, 5, 6], 
      "expdate_06": [7, 8, 9, 10, 11], 
      "expdate_07": [8, 9, 10, 11, 12], 
      "expdate_08": [9, 10, 11, 12, 13], 
      "expdate_09": [10, 11, 12, 13, 14], 
      "expdate_10": [11, 12, 13, 14, 15], 
      "expdate_11": [12, 13, 14, 15, 16], 
      "expdate_12": [13, 14, 15, 16, 17], 
      "expdate_13": [6, 7, 8, 12, 13]
    }, 
    "expdate_pattern_postprocessor": {
      "mclass": "Postprocessor", 
      "settings": {
        "all_side_spaces": true, 
        "field_name": "expiry_date", 
        "patterns": {
          "expdate_00": {
            "side_space_weight": 0.2, 
            "sym_weights": [1, 1, 1, 1, 1], 
            "value": "&#/##", 
            "weight": 1.0
          }, 
          "expdate_01": {
            "side_space_weight": 0.2, 
            "sym_weights": [1, 1, 1, 1, 1], 
            "value": "&#-##", 
            "weight": 1.0
          }, 
          "expdate_02": {
            "side_space_weight": 0.2, 
            "sym_weights": [1, 1, 1, 1, 1, 0.5, 1, 1, 1, 1, 1], 
            "value": "&#/##-&#/##", 
            "weight": 1.0
          }, 
          "expdate_03": {
            "side_space_weight": 0.2, 
            "sym_weights": [1, 1, 1, 1, 1, 1, 1, 1], 
            "value": "&#/^#/##", 
            "weight": 1.0
          }, 
          "expdate_04": {
            "side_space_weight": 0.2, 
            "sym_weights": [1, 1, 1, 0.5, 1, 1], 
            "value": "&#/ ##", 
            "weight": 0.9
          }, 
          "expdate_05": {
            "side_space_weight": 0.2, 
            "sym_weights": [1, 1, 1, 1, 1, 1, 1], 
            "value": "&#/20##", 
            "weight": 1.0
          }, 
          "expdate_06": {
            "side_space_weight": 0.2, 
            "sym_weights": [1, 1, 1, 1, 1, 0.5, 0.5, 1, 1, 1, 1, 1], 
            "value": "&#/##  &#/##", 
            "weight": 1.0
          }, 
          "expdate_07": {
            "side_space_weight": 0.2, 
            "sym_weights": [1, 1, 1, 1, 1, 0.5, 0.5, 0.5, 1, 1, 1, 1, 1], 
            "value": "&#/##   &#/##", 
            "weight": 1.0
          }, 
          "expdate_08": {
            "side_space_weight": 0.5, 
            "sym_weights": [1, 1, 1, 1, 1, 0.5, 0.5, 0.5, 0.5, 1, 1, 1, 1, 1], 
            "value": "&#/##    &#/##", 
            "weight": 1.0
          }, 
          "expdate_09": {
            "side_space_weight": 0.5, 
            "sym_weights": [1, 1, 1, 1, 1, 0.5, 0.5, 0.5, 0.5, 0.5, 1, 1, 1, 1, 1], 
            "value": "&#/##     &#/##", 
            "weight": 1.0
          }, 
          "expdate_10": {
            "side_space_weight": 0.5, 
            "sym_weights": [1, 1, 1, 1, 1, 0.5, 0.5, 0.5, 0.5, 0.5, 0.5, 1, 1, 1, 1, 1], 
            "value": "&#/##      &#/##", 
            "weight": 1.0
          }, 
          "expdate_11": {
            "side_space_weight": 0.5, 
            "sym_weights": [1, 1, 1, 1, 1, 0.5, 0.5, 0.5, 0.5, 0.5, 0.5, 0.5, 1, 1, 1, 
              1, 1], 
            "value": "&#/##       &#/##", 
            "weight": 1.0
          }, 
          "expdate_12": {
            "side_space_weight": 0.5, 
            "sym_weights": [1, 1, 1, 1, 0.5, 0.5, 0.5, 0.5, 0.5, 0.5, 0.5, 0.5, 0.5, 1, 
              1, 1, 1, 1], 
            "value": "####         &#/##", 
            "weight": 1.0
          }, 
          "expdate_13": {
            "side_space_weight": 0.2, 
            "sym_weights": [1, 1, 1, 1, 1, 0.5, 1, 1, 1, 1, 1, 1, 1, 1], 
            "value": "##/## &#/^#/##", 
            "weight": 1.0
          }
        }, 
        "side_spaces": 1
      }, 
      "type": "pattern"
    }, 
    "input_line_fields": [
      {"expdate": "text_line_0"}, 
      {"expdate": "text_line_1", "name": "text_line_1_clone"}, 
      {"name": "text_line_2"}
    ], 
    "name_output_field_name": "name", 
    "name_trigrams_path": ":/docs/card/dictionaries/name_surname_trigrams.pb", 
    "trigram_correction": ["HMNW", "COUDQ", "BEFPR", "YV", "TIJ"]
  }, 
  "type": "card_field_selector"
}