{
  "mclass": "Postprocessor", 
  "settings": {
    "expdate_candidate_fields": ["text_line_0", "text_line_1"], 
    "expdate_output_field_name": "expiry_date", 
    "expdate_pattern_extraction_indices": {
      "expdate_0": [0, 1, 2, 3, 4], 
      "expdate_1": [0, 1, 2, 3, 4], 
      "expdate_2": [6, 7, 8, 9, 10], 
      "expdate_3": [0, 1, 2, 6, 7], 
      "expdate_4": [10, 11, 12, 13, 14]
    }, 
    "expdate_pattern_postprocessor": {
      "mclass": "Postprocessor", 
      "settings": {
        "all_side_spaces": true, 
        "field_name": "expiry_date", 
        "patterns": {
          "expdate_0": {
            "side_space_weight": 0.2, 
            "sym_weights": [1, 1, 1, 1, 1], 
            "value": "&#/##", 
            "weight": 1.0
          }, 
          "expdate_1": {
            "side_space_weight": 0.2, 
            "sym_weights": [1, 1, 1, 1, 1], 
            "value": "&#-##", 
            "weight": 1.0
          }, 
          "expdate_2": {
            "side_space_weight": 0.2, 
            "sym_weights": [1, 1, 1, 1, 1, 0.5, 1, 1, 1, 1, 1], 
            "value": "&#/##-&#/##", 
            "weight": 1.0
          }, 
          "expdate_3": {
            "side_space_weight": 0.2, 
            "sym_weights": [1, 1, 1, 1, 1, 1, 1, 1], 
            "value": "&#/^#/##", 
            "weight": 1.0
          }, 
          "expdate_4": {
            "side_space_weight": 0.2, 
            "sym_weights": [1, 1, 1, 1, 1, 0.5, 0.5, 0.5, 0.5, 0.5, 1, 1, 1, 1, 1], 
            "value": "&#/##     &#/##", 
            "weight": 1.0
          }
        }, 
        "side_spaces": 1
      }, 
      "type": "pattern"
    }, 
    "input_line_fields": [
      {"expdate": "text_line_0"}, 
      {"expdate": "text_line_1", "name": "text_line_1_clone"}, 
      {"name": "text_line_2"}
    ], 
    "name_output_field_name": "name", 
    "name_trigrams_path": ":/docs/card/dictionaries/name_surname_trigrams.pb", 
    "trigram_correction": ["HMN", "ODQ", "EF"]
  }, 
  "type": "card_field_selector"
}