{
  "mclass": "Postprocessor", 
  "settings": {
    "postprocessors": [
      {
        "mclass": "Postprocessor", 
        "settings": {
          "mask_str": " .ABCDEFGHIJKLMNOPQRSTUVWXYZ", 
          "matchs": {"0": "O", "1": "I", "5": "S", "6": "G", "7": "T"}, 
          "min_confidence": 0.2, 
          "sum_alph_confidence": 0.98, 
          "type_app": "const_alph"
        }, 
        "type": "alphabet"
      }, 
      {
        "mclass": "Postprocessor", 
        "settings": {
          "allowed_short_words": ["MR", "MS", "JR"], 
          "min_num_words": 2, 
          "min_word_length": 2
        }, 
        "type": "card_name"
      }
    ]
  }, 
  "type": "multisequence"
}