{
  "mclass": "Postprocessor", 
  "settings": {
    "postprocessors": [
      {
        "mclass": "Postprocessor", 
        "settings": {
          "mask_str": " 0123456789", 
          "matchs": {
            "A": "4", 
            "D": "0", 
            "I": "1", 
            "L": "1", 
            "O": "0", 
            "Q": "0", 
            "S": "5", 
            "T": "1", 
            "U": "0", 
            "З": "3", 
            "О": "0",
            "B": "8"
          }, 
          "min_confidence": 0.2, 
          "sum_alph_confidence": 0.98, 
          "type_app": "const_alph"
        }, 
        "type": "alphabet"
      }, 
      {
        "mclass": "Postprocessor", 
        "settings": {
          "pattern_postprocessor": "freeform_card_number_formatter.json", 
          "wrdgen_max_depth": 100
        }, 
        "type": "card_number"
      }
    ]
  }, 
  "type": "multisequence"
}