{
  "mclass": "Postprocessor", 
  "settings": {
    "alphabet_postprocessor": {
      "mclass": "Postprocessor", 
      "settings": {
        "mask_str": "0123456789 -./", 
        "matchs": {
          "A": "4", 
          "D": "0", 
          "I": "1", 
          "L": "1", 
          "O": "0", 
          "Q": "0", 
          "S": "5", 
          "T": "1", 
          "U": "0", 
          "З": "3", 
          "О": "0"
        }, 
        "min_confidence": 0.2, 
        "sum_alph_confidence": 0.98, 
        "type_app": "const_alph"
      }, 
      "type": "alphabet"
    }, 
    "delta_year": 50, 
    "mode": "formatter", 
    "input_patterns": [
      "MM.YY",
      "MM.YYYY"
    ], 
    "max_date": "31.12.2050", 
    "min_date": "01.01.2000", 
    "output_pattern": "MM/YY", 
    "pattern_match_confidence": 0.8, 
    "remove_nonsense_fields": true, 
    "remove_separators": false, 
    "separators_alphabet": " -./", 
    "substitution_weight": 0.8, 
    "wrdgen_depth": 5
  }, 
  "type": "date"
}