{
  "mclass": "Postprocessor", 
  "settings": {
    "field_name": "number", 
    "patterns": {
      "number_amex": {
        "min_top_characters": 7, 
        "value": "3### ###### #####", 
        "weight": 1.0
      }, 
      "number_dinersclub": {
        "min_top_characters": 7, 
        "value": "3### ###### ####", 
        "weight": 0.8
      }, 
      "number_maestro": {
        "min_top_characters": 9, 
        "value": "6####### ##########", 
        "weight": 1.0
      }, 
      "number_standard": {
        "min_top_characters": 8, 
        "value": "#### #### #### ####", 
        "weight": 1.0
      }, 
      "number_standard_nonspaced": {
        "min_top_characters": 14, 
        "output_pattern": "#### #### #### ####", 
        "value": "################", 
        "weight": 1.0
      }, 
      "number_standard_nsp1": {
        "min_top_characters": 8, 
        "output_pattern": "#### #### #### ####", 
        "value": "!####### #### ####", 
        "weight": 1.0
      }, 
      "number_standard_nsp12": {
        "min_top_characters": 8, 
        "output_pattern": "#### #### #### ####", 
        "value": "!########### ####", 
        "weight": 1.0
      }, 
      "number_standard_nsp123": {
        "min_top_characters": 8, 
        "output_pattern": "#### #### #### ####", 
        "value": "!###############", 
        "weight": 1.0
      }, 
      "number_standard_nsp13": {
        "min_top_characters": 8, 
        "output_pattern": "#### #### #### ####", 
        "value": "!####### ########", 
        "weight": 1.0
      }, 
      "number_standard_nsp2": {
        "min_top_characters": 8, 
        "output_pattern": "#### #### #### ####", 
        "value": "!### ######## ####", 
        "weight": 1.0
      }, 
      "number_standard_nsp23": {
        "min_top_characters": 8, 
        "output_pattern": "#### #### #### ####", 
        "value": "!### ############", 
        "weight": 1.0
      }, 
      "number_standard_nsp3": {
        "min_top_characters": 8, 
        "output_pattern": "#### #### #### ####", 
        "value": "!### #### ########", 
        "weight": 1.0
      }
    }, 
    "side_spaces": 0
  }, 
  "type": "pattern"
}