{
  "mclass": "Postprocessor", 
  "settings": {
    "allow_sliding": true, 
    "country_code_postprocessor": {
      "mclass": "Postprocessor", 
      "settings": {
        "mask_str": ["ABCDEFGHIJKLMNPQRSTUVX", "ABCDEGHIKLMNOQRSTUVWYZ"], 
        "matchs": {"0": "D", "1": "I", "4": "A", "8": "B"}, 
        "min_confidence": 0.2, 
        "remove_empty_fields": false, 
        "remove_nonsense_fields": false, 
        "str_size": 2, 
        "sum_alph_confidence": 0.98, 
        "type_app": "univ_alph"
      }, 
      "type": "alphabet"
    }, 
    "substitution_weight": 0.8, 
    "wrdgen_depth": 100
  }, 
  "type": "iban"
}