{
  "mclass": "VerticalSegmentator", 
  "settings": {
    "layout": [{"objects": [{"name": "inn"}, {"name": "kpp"}]}, {"is_optional": true}], 
    "processing": {
      "autocontrast_satur_black": 0.05, 
      "autocontrast_satur_white": 0.05, 
      "background_closing_wx": 5, 
      "background_closing_wy": 5, 
      "blink_removing_percent": 0.1, 
      "deskewer": ":/mixangler/common_deskewer.json", 
      "morphology_close_wx": 1, 
      "morphology_close_wy": 11, 
      "morphology_open_wx": 12, 
      "morphology_open_wy": 5, 
      "use_angle_detector": true, 
      "use_autocontrast": true, 
      "use_background_closing": false, 
      "use_blink_removing": false, 
      "use_morphology_close": true, 
      "use_morphology_open": true, 
      "use_saturation": false
    }, 
    "settings": {
      "max_v_size": 40, 
      "min_h_gap": 10, 
      "min_h_size": 80, 
      "min_v_size": 20, 
      "step_x": 15, 
      "step_y": 20
    }
  }, 
  "type": "common"
}