{
  "rus.cpti.type1": {
    "(documentation)": {
      "description": "Russian certificate of periodic technical inspection (vehicle diagnostics card)", 
      "name": "Russian certificate of periodic technical inspection"
    }, 
    "expected_templates": ["rus.cpti.type1:main1"], 
    "output_fields": ["registration_number", "expiry_date"], 
    "postprocessors": [
      {
        "input_fields": ["expiry_date"], 
        "postprocessor": ":/postprocessor/date/default_expiry_date_DDMMYYYY_postprocessor.json"
      }, 
      {
        "input_fields": ["registration_number"], 
        "postprocessor": ":/postprocessor/alphabet/digits_only_number_15_postprocessor.json"
      }
    ], 
    "rejectors": {"__default__": ":/rejector/default_loyal_rejector.json"}, 
    "templates": {
      "rus.cpti.type1:main1": {"path": "tpl__rus.cpti.type1.main1.json"}, 
      "rus.cpti.type1:main2": {"path": "tpl__rus.cpti.type1.main2.json"}
    }
  }
}