{
  "rus.cpti.type1:main1": {
    "config": "templates/rus.cpti.type1.main1.common.json", 
    "expected_fields": ["expiry_date", "registration_number"], 
    "fields": {
      "expiry_date": {"scale": 2.0, "workflow": "default_dig_field_workflow.json"}, 
      "registration_number": {"scale": 2.0, "workflow": "default_dig_field_workflow.json"}
    }, 
    "formatters": [
      {
        "formatter": "postprocessors/garbage_filter.json", 
        "input_fields": ["registration_number"]
      }, 
      {
        "formatter": "postprocessors/garbage_filter.json", 
        "input_fields": ["expiry_date"]
      }, 
      {
        "formatter": ":/postprocessor/date/default_expiry_date_DDMMYYYY_formatter.json", 
        "input_fields": ["expiry_date"]
      }
    ], 
    "image_integrators": {"__default__": ":/integrator/default_image_integrator.json"}, 
    "integrators": {"__default__": ":/integrator/default_token_integrator.json"}, 
    "size": [1310, 450], 
    "zones": {
      "expiry_date_zone": {
        "fields_translation": {"field": "expiry_date"}, 
        "rect": [905, 40, 420, 95], 
        "workflow": "vertsgm/single_field_zone_workflow.json"
      }, 
      "registration_number_zone": {
        "fields_translation": {"field": "registration_number"}, 
        "rect": [10, 40, 900, 95], 
        "workflow": "vertsgm/single_field_zone_workflow.json"
      }
    }
  }
}