{
  "mclass": "FieldProcessingWorkflow", 
  "settings": {
    "cascade": [
      {
        "enter_by_attr": "lettercase", 
        "enter_if_attr_absent": true, 
        "enter_if_attr_eq": "small"
      }, 
      {
        "enter_by_attr": "lettercase", 
        "enter_if_attr_absent": false, 
        "enter_if_attr_eq": "spaces"
      }, 
      {
        "enter_by_attr": "lettercase", 
        "enter_if_attr_absent": false, 
        "enter_if_attr_eq": "caps"
      }
    ], 
    "processors": [
      {
        "mclass": "FieldProcessingWorkflow", 
        "settings": {
          "custom_alphabet": "ATKOIVX- №123456789", 
          "deshearer": ":/mixangler/dummy_deshearer.json", 
          "recstr": ":/recstr/111_eu_n0006_recstr.json"
        }, 
        "type": "common"
      }, 
      {
        "mclass": "FieldProcessingWorkflow", 
        "settings": {
          "custom_alphabet": "ATKOIVX- №123456789", 
          "deshearer": ":/mixangler/dummy_deshearer.json", 
          "recstr": ":/recstr/111_eu_n0006_recstr.json"
        }, 
        "type": "common"
      }, 
      {
        "mclass": "FieldProcessingWorkflow", 
        "settings": {
          "custom_alphabet": "ATKOIVX- №123456789", 
          "deshearer": ":/mixangler/dummy_deshearer.json", 
          "recstr": ":/recstr/101_eu_n0006_recstr.json"
        }, 
        "type": "common"
      }
    ]
  }, 
  "type": "multi_sequence"
}