{
  "bag_selector": ":/tplfinder/tree_without_multimatches.json", 
  "con_selector": {
    "mclass": "ConSelector", 
    "settings": {
      "hamming_distance": 28, 
      "max_edges": 500, 
      "ransac": {
        "iterations": 8000, 
        "max_diff": 0.2, 
        "max_proj": 0.001, 
        "min_dist": 15.0, 
        "threshold": 6.0, 
        "variants": 3
      }, 
      "rejector": {"min_inliers_diffusion": 0.005}, 
      "template_grid_size": 10, 
      "verification_attempts": 30
    }, 
    "type": "old"
  }, 
  "descriptor_size": 128, 
  "descriptor_type": "uint1"
}