{
    "(sample)": "",
    "features": {
        "content": {
            "(ffe)": "",
            "descriptor_size": 128,
            "descriptor_type": "uint1",
            "rotations": 4,
            "variants": "rus.birth_certificate.type2.front.common/variants.json"
        },
        "type": "common",
        "mclass": "TemplateFeatures"
    },
    "name": "rus.birth_certificate.type2:front",
    "linked_templates": [

    ],
    "size_mm": [
        148.0,
        210.0
    ],
    "size_px": [
        800,
        1110
    ]
}
