{
    "(sample)": "TODO",
    "features": {
        "content": {
            "(ffe)": ":/docs/rus.inn.entity/ffe_config_mobile.json",
            "descriptor_size": 128,
            "descriptor_type": "uint1",
            "rotations": 4,
            "variants": "rus.inn.entity.type1.main.common/variants.json"
        },
        "type": "common",
        "mclass": "TemplateFeatures"
    },
    "name": "rus.inn.entity.type1:main",
    "size_mm": [
        210.0,
        297.0
    ],
    "size_px": [
        1500,
        2121
    ]
}
