{
  "mrz": {
    "(documentations)": {
      "mrz.bgr.vrd": {
        "name": "MRZ-like zone on Bulgarian vehicle registration",
        "description": "MRZ-like zone on Bulgarian vehicle registration certificates, 3 lines, 30 characters each"
      }, 
      "mrz.che.drvlic": {
        "name": "MRZ-like zone on Swiss driving licence",
        "description": "MRZ-like zone on Swiss driving licence, 3 lines, 9 characters in the first line, 30 characters in the second and third lines"
      }, 
      "mrz.fra.id": {
        "name": "MRZ-like zone on French ID",
        "description": "MRZ-like zone on French ID cards, 2 lines, 36 characters each"
      }, 
      "mrz.mrp": {
        "name": "Machine Readable Passport",
        "description": "ICAO 9303 MRZ MRP (TD3) subtype - Machine Readable Passport, 2 lines, 44 characters each"
      }, 
      "mrz.mrva": {
        "name": "Machine Readable Visa - Type A",
        "description": "ICAO 9303 MRZ MRVA subtype - Machine Readable Visa - Type A, 2 lines, 44 characters each"
      }, 
      "mrz.mrvb": {
        "name": "Machine Readable Visa - Type B",
        "description": "ICAO 9303 MRZ MRVB subtype - Machine Readable Visa - Type B, 2 lines, 36 characters each"
      }, 
      "mrz.rus.passport": {
        "name": "MRZ-like zone on Russian national passport",
        "description": "MRZ-like zone on Russian national passport, 2 lines, 44 characters each"
      }, 
      "mrz.rus.visa": {
        "name": "MRZ-like zone on Russian visa",
        "description": "MRZ-like zone on Russian visa, 2 lines, 44 characters each"
      }, 
      "mrz.td1": {
        "name": "Machine Readable Travel Document - Type 1",
        "description": "ICAO 9303 MRZ TD1 subtype - Machine Readable Travel Document - Type 1, 3 lines, 30 characters each"
      }, 
      "mrz.td2": {
        "name": "Machine Readable Travel Document - Type 2",
        "description": "ICAO 9303 MRZ TD2 subtype - Machine Readable Travel Document - Type 2, 2 lines, 36 characters each"
      },
      "mrz.ecu.id": {
        "name": "MRZ-like zone on Ecuador ID",
        "description": "MRZ-like zone on Ecuador ID, 3 lines, 30 characters each"
      }
    }, 
    "expected_templates": [
      "mrz:common"
    ], 
    "output_fields": {
      "mrz.bgr.vrd": [
        "doc_type_code_mrz", 
        "birth_date_mrz", 
        "expiry_date_mrz", 
        "issue_date_mrz", 
        "number_mrz", 
        "first_name_mrz", 
        "issuer_mrz", 
        "nationality_mrz", 
        "opt_data_1_mrz", 
        "opt_data_2_mrz", 
        "proprietor_mrz", 
        "last_name_mrz", 
        "vehicle_number_mrz", 
        "mrz_line1", 
        "mrz_line2", 
        "mrz_line3", 
        "full_mrz", 
        "gender_mrz", 
        "vin_mrz"
      ], 
      "mrz.che.drvlic": [
        "doc_type_code_mrz", 
        "birth_date_mrz", 
        "number_mrz", 
        "first_name_mrz", 
        "issuer_mrz", 
        "nationality_mrz", 
        "opt_data_1_mrz", 
        "opt_data_2_mrz", 
        "last_name_mrz", 
        "vehicle_number_mrz", 
        "mrz_line1", 
        "mrz_line2", 
        "mrz_line3", 
        "full_mrz", 
        "gender_mrz"
      ], 
      "mrz.fra.id": [
        "doc_type_code_mrz", 
        "birth_date_mrz", 
        "expiry_date_mrz", 
        "issue_date_mrz", 
        "number_mrz", 
        "name_mrz", 
        "issuer_mrz", 
        "opt_data_1_mrz", 
        "last_name_mrz", 
        "mrz_line1", 
        "mrz_line2", 
        "full_mrz", 
        "gender_mrz",
        "photo"
      ], 
      "mrz.mrp": [
        "doc_type_code_mrz", 
        "birth_date_mrz", 
        "expiry_date_mrz", 
        "number_mrz", 
        "first_name_mrz", 
        "issuer_mrz", 
        "nationality_mrz", 
        "opt_data_2_mrz", 
        "last_name_mrz", 
        "mrz_line1", 
        "mrz_line2", 
        "full_mrz", 
        "gender_mrz",
        "photo"
      ], 
      "mrz.mrva": [
        "doc_type_code_mrz", 
        "birth_date_mrz", 
        "expiry_date_mrz", 
        "number_mrz", 
        "first_name_mrz", 
        "issuer_mrz", 
        "nationality_mrz", 
        "opt_data_2_mrz", 
        "last_name_mrz", 
        "mrz_line1", 
        "mrz_line2", 
        "full_mrz", 
        "gender_mrz",
        "photo"
      ], 
      "mrz.mrvb": [
        "doc_type_code_mrz", 
        "birth_date_mrz", 
        "expiry_date_mrz", 
        "number_mrz", 
        "first_name_mrz", 
        "issuer_mrz", 
        "nationality_mrz", 
        "opt_data_2_mrz", 
        "last_name_mrz", 
        "mrz_line1", 
        "mrz_line2", 
        "full_mrz", 
        "gender_mrz",
        "photo"
      ], 
      "mrz.rus.passport": [
        "doc_type_code_mrz", 
        "birth_date_mrz", 
        "issue_date_mrz", 
        "authority_code_mrz", 
        "number_mrz", 
        "first_name_mrz", 
        "issuer_mrz", 
        "nationality_mrz", 
        "opt_data_2_mrz", 
        "last_name_mrz", 
        "mrz_line1", 
        "mrz_line2", 
        "full_mrz", 
        "gender_mrz",
        "photo"
      ], 
      "mrz.rus.visa": [
        "doc_type_code_mrz", 
        "birth_date_mrz", 
        "expiry_date_mrz", 
        "issue_date_mrz", 
        "number_mrz", 
        "first_name_mrz", 
        "id_number_mrz", 
        "id_visa_mrz", 
        "invitation_number_mrz", 
        "issuer_mrz", 
        "nationality_mrz", 
        "opt_data_1_mrz", 
        "opt_data_2_mrz", 
        "last_name_mrz", 
        "mrz_line1", 
        "mrz_line2", 
        "full_mrz", 
        "gender_mrz",
        "photo"
      ], 
      "mrz.td1": [
        "doc_type_code_mrz", 
        "birth_date_mrz", 
        "expiry_date_mrz", 
        "number_mrz", 
        "first_name_mrz", 
        "issuer_mrz", 
        "nationality_mrz", 
        "opt_data_1_mrz", 
        "opt_data_2_mrz", 
        "last_name_mrz", 
        "mrz_line1", 
        "mrz_line2", 
        "mrz_line3", 
        "full_mrz", 
        "gender_mrz"
      ], 
      "mrz.td2": [
        "doc_type_code_mrz", 
        "birth_date_mrz", 
        "expiry_date_mrz", 
        "number_mrz", 
        "first_name_mrz", 
        "issuer_mrz", 
        "nationality_mrz", 
        "opt_data_2_mrz", 
        "last_name_mrz", 
        "mrz_line1", 
        "mrz_line2", 
        "full_mrz", 
        "gender_mrz",
        "photo"
      ],
      "mrz.ecu.id": [
        "doc_type_code_mrz", 
        "birth_date_mrz", 
        "expiry_date_mrz", 
        "number_mrz", 
        "first_name_mrz", 
        "issuer_mrz", 
        "nationality_mrz", 
        "opt_data_1_mrz", 
        "opt_data_2_mrz", 
        "last_name_mrz", 
        "mrz_line1", 
        "mrz_line2", 
        "mrz_line3", 
        "full_mrz", 
        "gender_mrz"
      ]
    }, 
    "forensic_fields": {
      "mrz.bgr.vrd": [
        "cd_number_mrz"
      ], 
      "mrz.che.drvlic": [
      ], 
      "mrz.fra.id": [
        "check_0000000001001",
        "check_cd_composite_mrz",
        "check_cd_number_mrz",
        "check_cd_birth_date_mrz"
      ], 
      "mrz.mrp": [
        "check_0000000001001",
       "check_cd_composite_mrz",
       "check_cd_number_mrz",
       "check_cd_birth_date_mrz",
       "check_cd_opt_data_2_mrz",
       "check_cd_expiry_date_mrz"
      ],
      "mrz.mrva": [
        "check_0000000001001",
        "check_cd_number_mrz",
        "check_cd_birth_date_mrz",
        "check_cd_expiry_date_mrz"
      ], 
      "mrz.mrvb": [
        "check_0000000001001",
        "check_cd_number_mrz",
        "check_cd_birth_date_mrz",
        "check_cd_expiry_date_mrz"
      ], 
      "mrz.rus.passport": [
        "check_0000000001001",
        "check_cd_composite_mrz",
        "check_cd_number_mrz",
        "check_cd_birth_date_mrz",
        "check_cd_opt_data_2_mrz"
      ], 
      "mrz.rus.visa": [
        "check_0000000001001",
        "check_cd_id_visa_mrz",
        "check_cd_name_mrz",
        "check_cd_birth_date_mrz",
        "check_cd_number_mrz",
        "check_cd_invitation_number_mrz"
      ], 
      "mrz.td1": [
        "check_0000000001001",
        "check_cd_composite_mrz",
        "check_cd_number_mrz",
        "check_cd_birth_date_mrz",
        "check_cd_expiry_date_mrz"
      ], 
      "mrz.td2": [
        "check_0000000001001",
       "check_cd_composite_mrz",
       "check_cd_number_mrz",
       "check_cd_birth_date_mrz",
       "check_cd_expiry_date_mrz"
      ], 
      "mrz.ecu.id": [
      ]
    },
    "postprocessors": [
      ":/postprocessor/mrz/mrz_postprocessor_slot.json", 
      ":/postprocessor/mrz/mrz_renaming_slot.json"
    ], 
    "rejectors": {
      "__default__": ":/rejector/default_loyal_rejector.json"
    }, 
    "templates": {
      "mrz:common": {
        "path": "tpl__mrz.common.json"
      }
    }
  }
}