[
    {
        "descriptors": [
            {
                "angle": 0,
                "path": "variants/rus.birth.certificate_full_size_0.desc"
            },
            {
                "angle": 90,
                "path": "variants/rus.birth.certificate_full_size_1.desc"
            },
            {
                "angle": 180,
                "path": "variants/rus.birth.certificate_full_size_2.desc"
            },
            {
                "angle": 270,
                "path": "variants/rus.birth.certificate_full_size_3.desc"
            }
        ],
        "keypoints": "variants/rus.birth.certificate_full_size.txt",
        "(source)": "sources/rus.birth.certificate_full_size.png"
    }
]