{
  "mclass": "Postprocessor", 
  "settings": {
    "full_date_postprocessor": ":/postprocessor/date/default_issue_date_DDMMYYYY_postprocessor.json", 
    "issue_date_field_alias": "issue_date2", 
    "issue_day_field_alias": "issue_day2", 
    "issue_day_postprocessor": {
      "mclass": "Postprocessor", 
      "settings": {
        "mask_str": ["0123", "0123456789"], 
        "matchs": {"4": "1", "7": "2"}, 
        "min_confidence": 0.2, 
        "str_size": 2, 
        "sum_alph_confidence": 0.98, 
        "type_app": "univ_alph"
      }, 
      "type": "alphabet"
    }, 
    "issue_month_field_alias": "issue_month2", 
    "issue_month_postprocessor": "levdict_issue_month_postprocessor.json", 
    "issue_year_field_alias": "issue_year2", 
    "issue_year_postprocessor": {
      "mclass": "Postprocessor", 
      "settings": {
        "mask_str": ["12", "90", "0123456789", "0123456789"], 
        "matchs": {"4": "1", "7": "2"}, 
        "min_confidence": 0.2, 
        "str_size": 4, 
        "sum_alph_confidence": 0.98, 
        "type_app": "univ_alph"
      }, 
      "type": "alphabet"
    }
  }, 
  "type": "rus_birth_certificate_issue_date"
}