{
  "rus.employment_record.type2": {
    "(documentation)": {
      "description": "Russian Employment Record (coat of arms of the ussr)", 
      "name": "Russian Employment Record"
    }, 
    "expected_templates": [], 
    "output_fields": ["series", "number"], 
    "postprocessors": [
      {
        "input_fields": ["number"], 
        "postprocessor": ":/postprocessor/alphabet/digits_only_number_7_postprocessor.json"
      }
    ], 
    "rejectors": {"__default__": ":/rejector/default_loyal_rejector.json"}, 
    "templates": {
      "rus.employment_record.type2:page1": {
        "path": "tpl__rus.employment_record.type2.page1.json"
      }
    }
  }
}