{
  "rus.employment_record.type1:page1": {
    "config": "templates/rus.employment_record.type1.page1.common.json", 
    "expected_fields": ["series", "number"], 
    "field_group_preprocessors": {
      "lettercase_detector": {
        "workflow": {
          "mclass": "FieldGroupProcessingWorkflow", 
          "settings": {
            "fcr": {
              "autocontrast": false, 
              "layer_applier": {
                "nn_path": ":/recstr/netdata/final/synthetic/wrtsys/lc_detector.pb"
              }, 
              "scale_x": 0.75, 
              "y_padding": [0.5, 0.5]
            }, 
            "group_name": "lc", 
            "hot_pin": "S", 
            "input_fields": {"number": 1.0}, 
            "mode": "m_once", 
            "pin_translation": {" ": "spaces", "C": "caps", "S": "small"}, 
            "target_attribute": "lettercase"
          }, 
          "type": "text_props_processor"
        }
      }
    }, 
    "fields": {
      "number": {
        "scale": 1.3, 
        "workflow": "field_processors/number_tpl__rus.employment_record.type2.page1.json"
      }
    }, 
    "formatters": [
      {
        "formatter": ":/postprocessor/punctuation_filter.json", 
        "input_fields": ["number"]
      }, 
      {
        "formatter": {
          "mclass": "Postprocessor", 
          "settings": {
            "input_field": "number", 
            "output_fields_sequence": ["series", "number"], 
            "separator": "№"
          }, 
          "type": "splitter"
        }, 
        "input_fields": ["number"], 
        "output_fields": ["series", "number"]
      }, 
      {
        "formatter": {
          "mclass": "Postprocessor", 
          "settings": {"insertions": [{"position": 2, "value": "-"}]}, 
          "type": "symbols_inserter"
        }, 
        "input_fields": ["series"]
      }
    ], 
    "image_integrators": {"__default__": ":/integrator/default_image_integrator.json"}, 
    "integrators": {"__default__": ":/integrator/default_rover_integrator.json"}, 
    "size": [880, 1250], 
    "zones": {
      "zone1": {
        "rect": [315, 122, 553, 121], 
        "workflow": {
          "mclass": "ZoneProcessingWorkflow", 
          "settings": {"vertsgm": "vertsgm/t1_number.json"}, 
          "type": "common"
        }
      }
    }
  }
}