{
  "mclass": "VerticalSegmentator", 
  "settings": {
    "layout": [
      {"delta_height": 100, "height": 100, "line_type": "gap"}, 
      {
        "delta_height": 10, 
        "fields": [
          {"delta_width": 160, "field_type": "gap", "width": 320}, 
          {
            "cost": 1, 
            "delta_width": 15, 
            "field_name": "issue_year", 
            "field_type": "text", 
            "is_optional": false, 
            "width": 100
          }, 
          {"delta_width": 200, "field_type": "gap", "width": 400}, 
          {
            "cost": 1, 
            "delta_width": 350, 
            "field_name": "issue_month", 
            "field_type": "text", 
            "is_optional": false, 
            "width": 400
          }, 
          {"delta_width": 200, "field_type": "gap", "width": 500}, 
          {
            "cost": 1, 
            "delta_width": 40, 
            "field_name": "issue_day", 
            "field_type": "text", 
            "is_optional": false, 
            "width": 60
          }, 
          {"delta_width": 230, "field_type": "gap", "width": 330}
        ], 
        "height": 35, 
        "line_type": "text"
      }, 
      {"delta_height": 20, "height": 40, "line_type": "gap"}, 
      {
        "delta_height": 10, 
        "fields": [
          {"delta_width": 180, "field_type": "gap", "width": 850}, 
          {
            "cost": 1, 
            "delta_width": 130, 
            "field_name": "act_number", 
            "field_type": "text", 
            "is_optional": false, 
            "width": 150
          }, 
          {"delta_width": 300, "field_type": "gap", "width": 800}
        ], 
        "height": 35, 
        "line_type": "text"
      }, 
      {"delta_height": 150, "height": 150, "line_type": "gap"}
    ], 
    "preprocessing": {
      "processing_steps": [
        {"settings": {"blink_removing_percent": 0.1}, "type": "blink_removing"}, 
        {
          "settings": {"background_closing_wx": 8, "background_closing_wy": 8}, 
          "type": "background_closing"
        }, 
        {
          "settings": {"morphology_open_wx": 35, "morphology_open_wy": 2}, 
          "type": "morphology_open"
        }, 
        {
          "settings": {"morphology_close_wx": 0, "morphology_close_wy": 7}, 
          "type": "morphology_close"
        }, 
        {
          "settings": {"autocontrast_satur_black": 0.0, "autocontrast_satur_white": 0.05}, 
          "type": "autocontrast"
        }, 
        {
          "settings": {"height_downscale": 1.0, "width_downscale": 0.5}, 
          "type": "angle_detection"
        }
      ], 
      "settings": {}
    }, 
    "settings": {
      "default_gap_dp_cost": 0.0, 
      "default_gap_otsu_cost": 0.7, 
      "gap_bot": 8, 
      "gap_left": 15, 
      "gap_right": 15, 
      "gap_top": 8, 
      "grid_step_x": 1, 
      "grid_step_y": 1, 
      "local_otsu_window_wing": -1, 
      "rejection_threshold": 0.15, 
      "score_type": "otsu"
    }
  }, 
  "type": "dynamic"
}