{
  "mclass": "VerticalSegmentator", 
  "settings": {
    "layout": [
      {"delta_height": 100, "height": 100, "line_type": "gap"}, 
      {
        "delta_height": 15, 
        "fields": [
          {"delta_width": 60, "field_type": "gap", "width": 85}, 
          {
            "cost": 1.0, 
            "delta_width": 40, 
            "field_name": "issue_day_2", 
            "field_type": "text", 
            "is_optional": false, 
            "width": 60
          }, 
          {"delta_width": 400, "field_type": "gap", "width": 420}, 
          {
            "cost": 1.0, 
            "delta_width": 400, 
            "field_name": "issue_month_2", 
            "field_type": "text", 
            "is_optional": false, 
            "width": 450
          }, 
          {"delta_width": 500, "field_type": "gap", "width": 540}, 
          {
            "cost": 1.0, 
            "delta_width": 50, 
            "field_name": "issue_year_2", 
            "field_type": "text", 
            "is_optional": false, 
            "width": 100
          }, 
          {"delta_width": 150, "field_type": "gap", "width": 150}
        ], 
        "height": 35, 
        "line_type": "text"
      }, 
      {"delta_height": 100, "height": 100, "line_type": "gap"}
    ], 
    "preprocessing": {
      "processing_steps": [
        {"settings": {"blink_removing_percent": 0.1}, "type": "blink_removing"}, 
        {
          "settings": {"background_closing_wx": 4, "background_closing_wy": 4}, 
          "type": "background_closing"
        }, 
        {
          "settings": {"morphology_open_wx": 20, "morphology_open_wy": 0}, 
          "type": "morphology_open"
        }, 
        {
          "settings": {"morphology_close_wx": 0, "morphology_close_wy": 7}, 
          "type": "morphology_close"
        }, 
        {
          "settings": {
            "autocontrast_satur_black": 0.05, 
            "autocontrast_satur_white": 0.05
          }, 
          "type": "autocontrast"
        }, 
        {
          "settings": {"height_downscale": 1.0, "width_downscale": 0.5}, 
          "type": "angle_detection"
        }
      ], 
      "settings": {}
    }, 
    "settings": {
      "default_gap_dp_cost": 0.0, 
      "default_gap_otsu_cost": 0.7, 
      "gap_bot": 8, 
      "gap_left": 20, 
      "gap_right": 20, 
      "gap_top": 8, 
      "grid_step_x": 1, 
      "grid_step_y": 1, 
      "local_otsu_window_wing": -1, 
      "rejection_threshold": 0.15, 
      "score_type": "otsu"
    }
  }, 
  "type": "dynamic"
}