{
  "mclass": "VerticalSegmentator", 
  "settings": {
    "layout": [
      {"delta_height": 100, "height": 100, "line_type": "gap"}, 
      {
        "delta_height": 10, 
        "fields": [
          {"delta_width": 750, "field_type": "gap", "width": 800}, 
          {
            "cost": 1, 
            "delta_width": 1500, 
            "field_name": "mother_surname", 
            "field_type": "text", 
            "is_optional": false, 
            "width": 1500
          }, 
          {"delta_width": 800, "field_type": "gap", "width": 800}
        ], 
        "height": 35, 
        "line_type": "text"
      }, 
      {"delta_height": 20, "height": 40, "line_type": "gap"}, 
      {
        "delta_height": 10, 
        "fields": [
          {"delta_width": 800, "field_type": "gap", "width": 800}, 
          {
            "cost": 1, 
            "delta_width": 1500, 
            "field_name": "mother_name_and_patronymic", 
            "field_type": "text", 
            "is_optional": false, 
            "width": 1500
          }, 
          {"delta_width": 800, "field_type": "gap", "width": 800}
        ], 
        "height": 35, 
        "line_type": "text"
      }, 
      {"delta_height": 20, "height": 40, "line_type": "gap"}, 
      {
        "delta_height": 10, 
        "fields": [
          {"delta_width": 800, "field_type": "gap", "width": 800}, 
          {
            "cost": 1, 
            "delta_width": 1500, 
            "field_name": "mother_nationality", 
            "field_type": "text", 
            "is_optional": false, 
            "width": 1500
          }, 
          {"delta_width": 800, "field_type": "gap", "width": 800}
        ], 
        "height": 35, 
        "line_type": "text"
      }, 
      {"delta_height": 20, "height": 40, "line_type": "gap"}, 
      {
        "delta_height": 10, 
        "fields": [
          {"delta_width": 800, "field_type": "gap", "width": 800}, 
          {
            "cost": 0.6, 
            "delta_width": 1500, 
            "field_name": "mother_ethnicity", 
            "field_type": "text", 
            "is_optional": true, 
            "width": 1500
          }, 
          {"delta_width": 800, "field_type": "gap", "width": 800}
        ], 
        "height": 35, 
        "line_type": "text"
      }, 
      {"delta_height": 150, "height": 150, "line_type": "gap"}
    ], 
    "preprocessing": {
      "processing_steps": [
        {"settings": {"blink_removing_percent": 0.1}, "type": "blink_removing"}, 
        {
          "settings": {"background_closing_wx": 8, "background_closing_wy": 8}, 
          "type": "background_closing"
        }, 
        {
          "settings": {"morphology_open_wx": 35, "morphology_open_wy": 2}, 
          "type": "morphology_open"
        }, 
        {
          "settings": {"morphology_close_wx": 0, "morphology_close_wy": 7}, 
          "type": "morphology_close"
        }, 
        {
          "settings": {
            "autocontrast_satur_black": 0.05, 
            "autocontrast_satur_white": 0.05
          }, 
          "type": "autocontrast"
        }, 
        {
          "settings": {"height_downscale": 1.0, "width_downscale": 0.5}, 
          "type": "angle_detection"
        }
      ], 
      "settings": {}
    }, 
    "settings": {
      "default_gap_dp_cost": 0.0, 
      "default_gap_otsu_cost": 0.7, 
      "gap_bot": 8, 
      "gap_left": 10, 
      "gap_right": 12, 
      "gap_top": 8, 
      "grid_step_x": 1, 
      "grid_step_y": 1, 
      "local_otsu_window_wing": -1, 
      "rejection_threshold": 0.15, 
      "score_type": "otsu"
    }
  }, 
  "type": "dynamic"
}