{
  "mclass": "TplFinderEngineInteface", 
  "settings": {
    "finders": [
      {"config": ":/ffe/default_ffe_anywhere.json", "dispatch": "*"}, 
      {
        "config": {
          "mclass": "TplFinderEngineInteface", 
          "settings": {
            "entry": "rus_passport_tplfinder", 
            "states": {
              "common_tplfinder": {
                "config": "common_tplfinder_config_anywhere.json", 
                "dispatch": "*", 
                "input": "input", 
                "transitions": [
                  {"condition": "empty", "destination": "output", "output": "input"}, 
                  {"condition": "non-empty", "destination": "output"}
                ]
              }, 
              "common_with_mrz_tplfinder": {
                "config": "common_tplfinder_config_anywhere.json", 
                "dispatch": [
                  "rus.passport.biometric:main", 
                  "rus.passport.international:main", 
                  "rus.visa.type1:main", 
                  "rus.residence.old:page2", 
                  "rus.residence.biometric:main"
                ], 
                "input": "input", 
                "transitions": [
                  {
                    "condition": "empty", 
                    "destination": "output", 
                    "output": "mrz_detection_tplfinder"
                  }, 
                  {"condition": "non-empty", "destination": "output"}
                ]
              }, 
              "mrz_detection_tplfinder": {
                "config": ":/mrz-data/mrz_tplfinder_config_anywhere.json", 
                "dispatch": "mrz:common", 
                "input": "input", 
                "transitions": [
                  {"condition": "empty", "destination": "common_tplfinder"}, 
                  {
                    "condition": "non-empty", 
                    "destination": "common_with_mrz_tplfinder"
                  }
                ]
              }, 
              "rus_passport_tplfinder": {
                "config": ":/docs/rus.passport.national/tplfinder_config_anywhere.json", 
                "dispatch": [
                  "rus.passport.national:page2", 
                  "rus.passport.national:page3"
                ], 
                "input": "empty", 
                "transitions": [
                  {"condition": "empty", "destination": "mrz_detection_tplfinder"}, 
                  {"condition": "non-empty", "destination": "output"}
                ], 
                "transitions1": {
                  "empty": {"destination": "mrz_detection_tplfinder"}, 
                  "non-empty": {"destination": "output"}
                }
              }
            }
          }, 
          "type": "multi_state"
        }, 
        "dispatch": "*"
      }
    ]
  }, 
  "type": "multi_sequence"
}