{
  "rus.drvlic.type2": {
    "(documentation)": {
      "description": "Russian Driving License (russian code top left, traffic police sign on the background, front)", 
      "name": "Russian Driving License", 
      "prado_link": "https://www.consilium.europa.eu/prado/en/RUS-FO-02003/image-264183.html"
    }, 
    "expected_templates": ["rus.drvlic.type2:front"], 
    "output_fields": [
      "issue_date", 
      "photo", 
      "expiry_date", 
      "gender_predicted", 
      "patronymic", 
      "number", 
      "name", 
      "name_eng",
      "surname", 
      "surname_eng",
      "birth_date", 
      "residence", 
      "residence_eng",
      "birth_place",
      "birth_place_eng",
      "authority"
    ],
    "forensic_fields": [
      "check_0000000000002"
    ], 
    "postprocessors": [
      {
        "allow_incomplete_inputs": true, 
        "input_fields": ["birth_place", "birth_place_eng", "residence", "residence_eng"], 
        "postprocessor": ":/postprocessor/spaces_normalizer.json"
      }, 
      {
        "input_fields": ["authority"], 
        "postprocessor": "postprocessors/type1_authority_symbols_and_digits_replacer.json"
      }, 
      {
        "input_fields": ["issue_date"], 
        "postprocessor": ":/postprocessor/date/default_issue_date_DDMMYYYY_postprocessor.json"
      }, 
      {
        "input_fields": ["birth_date"], 
        "postprocessor": ":/postprocessor/date/default_birth_date_DDMMYYYY_postprocessor.json"
      }, 
      {
        "input_fields": ["expiry_date"], 
        "postprocessor": ":/postprocessor/date/default_expiry_date_DDMMYYYY_postprocessor.json"
      }, 
      {
        "input_fields": ["name", "patronymic", "surname"], 
        "output_fields": ["name", "patronymic", "gender_predicted", "surname"], 
        "postprocessor": "postprocessors/fio_gender_predictor_postprocessor.json"
      }, 
      {
        "input_fields": ["birth_place"], 
        "postprocessor": ":/postprocessor/alphabet/rus_letters_alphabet_postprocessor.json"
      }, 
      {
        "input_fields": ["residence"], 
        "postprocessor": ":/postprocessor/alphabet/rus_letters_alphabet_postprocessor.json"
      }, 
      {
        "allow_incomplete_inputs": true, 
        "input_fields": [
          "birth_date",
          "issue_date", 
          "expiry_date"
        ], 
        "output_fields": [
          "check_0000000000002"
        ], 
        "postprocessor": "fraud/postprocessors/check_dates_postprocessor.json"
      }
    ], 
    "rejectors": {"__default__": ":/rejector/default_neutral_rejector.json"}, 
    "templates": {"rus.drvlic.type2:front": {"path": "tpl__rus.drvlic.type2.front_fraud_with_dp.json"}}
  }
}
