{
  "rus.drvlic.type3": {
    "(documentation)": {
      "description": "Russian Driving License (print traffic police on the background, front)", 
      "name": "Russian Driving License"
    }, 
    "forensic_fields": ["check_1000000004002", "check_0000000000002"], 
    "output_fields": [
      "issue_date", 
      "photo", 
      "expiry_date", 
      "gender_predicted", 
      "patronymic", 
      "number", 
      "number_back", 
      "name", 
      "name_eng", 
      "number2", 
      "number2_back", 
      "surname", 
      "surname_eng", 
      "categories", 
      "birth_date", 
      "authority", 
      "authority_eng", 
      "birth_place", 
      "birth_place_eng", 
      "residence", 
      "residence_eng"
    ], 
    "postprocessors": [
      {
        "allow_incomplete_inputs": true, 
        "input_fields": ["birth_place", "birth_place_eng", "residence", "residence_eng"], 
        "postprocessor": ":/postprocessor/spaces_normalizer.json"
      }, 
      {
        "input_fields": ["issue_date"], 
        "postprocessor": ":/postprocessor/date/default_issue_date_DDMMYYYY_postprocessor.json"
      }, 
      {
        "input_fields": ["birth_date"], 
        "postprocessor": ":/postprocessor/date/default_birth_date_DDMMYYYY_postprocessor.json"
      }, 
      {
        "input_fields": ["expiry_date"], 
        "postprocessor": ":/postprocessor/date/default_expiry_date_DDMMYYYY_postprocessor.json"
      }, 
      {
        "input_fields": ["number_back"], 
        "postprocessor": "postprocessors/type3_number_alphabet_postprocessor.json"
      }, 
      {
        "input_fields": ["number2_back"], 
        "postprocessor": "postprocessors/type3_number_alphabet_postprocessor.json"
      }, 
      {
        "input_fields": ["number"], 
        "postprocessor": "postprocessors/type2_number_postprocessor.json"
      }, 
      {
        "input_fields": ["number2"], 
        "postprocessor": "postprocessors/type2_number_postprocessor.json"
      }, 
      {
        "input_fields": ["number_back"], 
        "postprocessor": "postprocessors/type2_number_postprocessor.json"
      }, 
      {
        "input_fields": ["number2_back"], 
        "postprocessor": "postprocessors/type2_number_postprocessor.json"
      }, 
      {
        "input_fields": ["name", "patronymic", "surname"], 
        "output_fields": ["name", "patronymic", "gender_predicted", "surname"], 
        "postprocessor": "postprocessors/fio_gender_predictor_postprocessor.json"
      }, 
      { 
        "allow_incomplete_inputs": true, 
        "input_fields": ["number2", "number2_back"], 
        "output_fields": ["full_number"], 
        "postprocessor": "fraud/postprocessors/number_confirming_merge.json"
      }, 
      {
        "allow_incomplete_inputs": true, 
        "input_fields": ["birth_date", "issue_date", "expiry_date"], 
        "output_fields": ["check_0000000000002"], 
        "postprocessor": "fraud/postprocessors/check_dates_postprocessor.json"
      }, 
      {
        "allow_incomplete_inputs": true, 
        "input_fields": ["full_number"], 
        "output_fields": ["check_1000000004002"], 
        "postprocessor": "fraud/postprocessors/genuine_font_check_type3.json"
      }, 
      {
        "allow_incomplete_inputs": true, 
        "input_fields": [
          "categoriesA", 
          "categoriesB", 
          "categoriesC", 
          "categoriesD", 
          "categoriesE"
        ], 
        "postprocessor": "postprocessors/drv_t3_categories_permition_postprocessor.json"
      }, 
      {
        "input_fields": ["categoriesA"], 
        "postprocessor": "postprocessors/drv_t3_categoriesA_postprocessor.json"
      }, 
      {
        "input_fields": ["categoriesB"], 
        "postprocessor": "postprocessors/drv_t3_categoriesB_postprocessor.json"
      }, 
      {
        "input_fields": ["categoriesC"], 
        "postprocessor": "postprocessors/drv_t3_categoriesC_postprocessor.json"
      }, 
      {
        "input_fields": ["categoriesD"], 
        "postprocessor": "postprocessors/drv_t3_categoriesD_postprocessor.json"
      }, 
      {
        "input_fields": ["categoriesE"], 
        "postprocessor": "postprocessors/drv_t3_categoriesE_postprocessor.json"
      }, 
      {
        "allow_incomplete_inputs": true, 
        "input_fields": [
          "categoriesA", 
          "categoriesB", 
          "categoriesC", 
          "categoriesD", 
          "categoriesE"
        ], 
        "postprocessor": "postprocessors/drv_t3_categories_replacer_postprocessor.json"
      }, 
      {
        "allow_incomplete_inputs": true, 
        "formatter": {
          "mclass": "Postprocessor", 
          "settings": {
            "input_fields_sequence": [
              "categoriesA", 
              "categoriesB", 
              "categoriesC", 
              "categoriesD", 
              "categoriesE"
            ], 
            "output_field": "categories", 
            "separator": " "
          }, 
          "type": "merge"
        }, 
        "input_fields": [
          "categoriesA", 
          "categoriesB", 
          "categoriesC", 
          "categoriesD", 
          "categoriesE"
        ], 
        "output_fields": ["categories"]
      }
    ], 
    "rejectors": {"__default__": ":/rejector/default_neutral_rejector.json"}, 
    "templates": {
      "rus.drvlic.type3:back": {"path": "tpl__rus.drvlic.type3.back_fraud.json"}, 
      "rus.drvlic.type3:front": {"path": "tpl__rus.drvlic.type3.front_fraud.json"}
    }
  }
}