{
  "rus.drvlic.type1": {
    "(documentation)": {
      "description": "Russian Driving License (russian code top left, front)", 
      "name": "Russian Driving License", 
      "prado_link": "https://www.consilium.europa.eu/prado/en/RUS-FO-03001/image-264159.html"
    }, 
    "forensic_fields": ["check_1000000004002", "check_0000000000002"], 
    "output_fields": [
      "issue_date", 
      "expiry_date", 
      "photo", 
      "gender_predicted", 
      "patronymic", 
      "patronymic_eng", 
      "number", 
      "number_back", 
      "name", 
      "name_eng", 
      "birth_date", 
      "surname", 
      "surname_eng", 
      "name_and_patronymic", 
      "name_and_patronymic_eng", 
      "birth_place", 
      "birth_place_eng", 
      "authority", 
      "authority_eng", 
      "residence", 
      "residence_eng", 
      "remarks", 
      "categories", 
      "issue_date_category_a", 
      "issue_date_category_a1", 
      "issue_date_category_b", 
      "issue_date_category_b1", 
      "issue_date_category_c", 
      "issue_date_category_c1", 
      "issue_date_category_d", 
      "issue_date_category_d1", 
      "issue_date_category_be", 
      "issue_date_category_ce", 
      "issue_date_category_c1e", 
      "issue_date_category_de", 
      "issue_date_category_d1e", 
      "issue_date_category_m", 
      "issue_date_category_tm", 
      "issue_date_category_tb", 
      "expiry_date_category_a", 
      "expiry_date_category_a1", 
      "expiry_date_category_b", 
      "expiry_date_category_b1", 
      "expiry_date_category_c", 
      "expiry_date_category_c1", 
      "expiry_date_category_d", 
      "expiry_date_category_d1", 
      "expiry_date_category_be", 
      "expiry_date_category_ce", 
      "expiry_date_category_c1e", 
      "expiry_date_category_de", 
      "expiry_date_category_d1e", 
      "expiry_date_category_m", 
      "expiry_date_category_tm", 
      "expiry_date_category_tb", 
      "restrictions_category_a", 
      "restrictions_category_a1", 
      "restrictions_category_b", 
      "restrictions_category_b1", 
      "restrictions_category_c", 
      "restrictions_category_c1", 
      "restrictions_category_d", 
      "restrictions_category_d1", 
      "restrictions_category_be", 
      "restrictions_category_ce", 
      "restrictions_category_c1e", 
      "restrictions_category_de", 
      "restrictions_category_d1e", 
      "restrictions_category_m", 
      "restrictions_category_tm", 
      "restrictions_category_tb"
    ], 
    "postprocessors": [
      {
        "allow_incomplete_inputs": true, 
        "input_fields": [
          "issue_date_category_a", 
          "issue_date_category_a1", 
          "issue_date_category_b", 
          "issue_date_category_b1", 
          "issue_date_category_c", 
          "issue_date_category_c1", 
          "issue_date_category_d", 
          "issue_date_category_d1", 
          "issue_date_category_be", 
          "issue_date_category_ce", 
          "issue_date_category_c1e", 
          "issue_date_category_de", 
          "issue_date_category_d1e", 
          "issue_date_category_m", 
          "issue_date_category_tm", 
          "issue_date_category_tb"
        ], 
        "postprocessor": ":/postprocessor/date/default_issue_date_DDMMYYYY_postprocessor.json"
      }, 
      {
        "allow_incomplete_inputs": true, 
        "input_fields": [
          "expiry_date_category_a", 
          "expiry_date_category_a1", 
          "expiry_date_category_b", 
          "expiry_date_category_b1", 
          "expiry_date_category_c", 
          "expiry_date_category_c1", 
          "expiry_date_category_d", 
          "expiry_date_category_d1", 
          "expiry_date_category_be", 
          "expiry_date_category_ce", 
          "expiry_date_category_c1e", 
          "expiry_date_category_de", 
          "expiry_date_category_d1e", 
          "expiry_date_category_m", 
          "expiry_date_category_tm", 
          "expiry_date_category_tb"
        ], 
        "postprocessor": ":/postprocessor/date/default_expiry_date_DDMMYYYY_postprocessor.json"
      }, 
      {
        "input_fields": ["birth_place", "birth_place_eng", "residence", "residence_eng"], 
        "postprocessor": ":/postprocessor/spaces_normalizer.json"
      }, 
      {
        "input_fields": ["issue_date"], 
        "postprocessor": ":/postprocessor/date/default_issue_date_DDMMYYYY_postprocessor.json"
      }, 
      {
        "input_fields": ["birth_date"], 
        "postprocessor": ":/postprocessor/date/default_birth_date_DDMMYYYY_postprocessor.json"
      }, 
      {
        "input_fields": ["expiry_date"], 
        "postprocessor": ":/postprocessor/date/default_expiry_date_DDMMYYYY_postprocessor.json"
      }, 
      {
        "input_fields": ["authority"], 
        "postprocessor": "postprocessors/type1_authority_symbols_and_digits_replacer.json"
      }, 
      {
        "input_fields": ["authority_eng"], 
        "postprocessor": "postprocessors/type1_authority_eng_symbols_and_digits_replacer.json"
      }, 
      {
        "input_fields": ["number"], 
        "postprocessor": ":/postprocessor/alphabet/digits_only_number_10_postprocessor.json"
      }, 
      {
        "input_fields": ["number_back"], 
        "postprocessor": ":/postprocessor/alphabet/digits_only_number_10_postprocessor.json"
      }, 
      {
        "input_fields": ["number"], 
        "postprocessor": "postprocessors/type1_number_postprocessor.json"
      }, 
      {
        "input_fields": ["number_back"], 
        "postprocessor": "postprocessors/type1_number_postprocessor.json"
      }, 
      {
        "input_fields": ["name_and_patronymic_eng"], 
        "output_fields": ["name_eng", "patronymic_eng"], 
        "postprocessor": {
          "mclass": "Postprocessor", 
          "settings": {
            "input_field": "name_and_patronymic_eng", 
            "output_fields_sequence": ["name_eng", "patronymic_eng"], 
            "separator": " "
          }, 
          "type": "splitter"
        }
      }, 
      {
        "input_fields": ["name_and_patronymic"], 
        "output_fields": ["name", "patronymic"], 
        "postprocessor": "postprocessors/name_and_patronymic_separator.json"
      }, 
      {
        "input_fields": ["name_and_patronymic", "surname"], 
        "output_fields": [
          "name", 
          "patronymic", 
          "gender_predicted", 
          "name_and_patronymic", 
          "surname"
        ], 
        "postprocessor": "postprocessors/fio_gender_predictor_postprocessor_split.json"
      }, 
      {
        "input_fields": ["birth_place"], 
        "postprocessor": "postprocessors/rus_letters_alphabet_postprocessor.json"
      }, 
      {
        "input_fields": ["residence"], 
        "postprocessor": "postprocessors/rus_letters_alphabet_postprocessor.json"
      }, 
      {
        "allow_incomplete_inputs": true, 
        "input_fields": ["birth_date", "issue_date", "expiry_date"], 
        "output_fields": ["check_0000000000002"], 
        "postprocessor": "fraud/postprocessors/check_dates_postprocessor.json"
      }, 
      {
        "allow_incomplete_inputs": true, 
        "input_fields": ["number_back"], 
        "output_fields": ["check_1000000004002"], 
        "postprocessor": "fraud/postprocessors/genuine_font_check_type1.json"
      }
    ], 
    "rejectors": {"__default__": ":/rejector/default_neutral_rejector.json"}, 
    "templates": {
      "rus.drvlic.type1:back": {"path": "tpl__rus.drvlic.type1.back_fraud.json"}, 
      "rus.drvlic.type1:front": {"path": "tpl__rus.drvlic.type1.front_fraud_with_dp.json"}
    }
  }
}