{
  "rus.drvlic.type3:front": {
    "config": "templates/rus.drvlic.type3.front.common.json", 
    "expected_fields": [
      "issue_date", 
      "surname", 
      "name", 
      "authority", 
      "patronymic", 
      "expiry_date", 
      "birth_date"
    ], 
    "field_group_preprocessors": {
      "lettercase_detector": {
        "workflow": {
          "mclass": "FieldGroupProcessingWorkflow", 
          "settings": {
            "fcr": {
              "autocontrast": false, 
              "layer_applier": {
                "nn_path": ":/recstr/netdata/final/synthetic/wrtsys/lc_detector.pb"
              }, 
              "scale_x": 0.75, 
              "y_padding": [0.5, 0.5]
            }, 
            "group_name": "lc", 
            "hot_pin": "S", 
            "input_fields": {
              "authority_eng": 1.0, 
              "birth_place0_eng": 1.0, 
              "birth_place1_eng": 1.0, 
              "name0_eng": 1.0, 
              "name1_eng": 1.0, 
              "residence0_eng": 1.0, 
              "residence1_eng": 1.0, 
              "surname0_eng": 1.0, 
              "surname1_eng": 1.0
            }, 
            "mode": "m_once", 
            "pin_translation": {" ": "spaces", "C": "caps", "S": "small"}, 
            "target_attribute": "lettercase"
          }, 
          "type": "text_props_processor"
        }
      }, 
      "text_line_cloner": {
        "workflow": {
          "mclass": "FieldGroupProcessingWorkflow", 
          "settings": {
            "cloning_map": {
              "birth_place": ["birth_place0_eng"], 
              "name": ["name0_eng"], 
              "residence": ["residence0_eng"], 
              "surname": ["surname0_eng"]
            }
          }, 
          "type": "cloning"
        }
      }
    }, 
    "fields": {
      "authority": {"scale": 1.6, "workflow": "field_processors/authority_t3.json"}, 
      "authority_eng": {
        "scale": 1.2, 
        "workflow": "field_processors/authority_eng_tpl__rus.drvlic.type3.front_fraud.json"
      }, 
      "birth_date": {"scale": 1.5, "workflow": "field_processors/date_t2_t3.json"}, 
      "birth_place": {
        "scale": 1.6, 
        "workflow": "field_processors/birth_place_residence_t2_t3.json"
      }, 
      "birth_place0_eng": {
        "scale": 1.6, 
        "workflow": "field_processors/birth_place0_eng_tpl__rus.drvlic.type3.front_fraud.json"
      }, 
      "birth_place1_eng": {
        "scale": 1.6, 
        "workflow": "field_processors/birth_place0_eng_tpl__rus.drvlic.type3.front_fraud.json"
      }, 
      "expiry_date": {"scale": 2.0, "workflow": "field_processors/date_t2_t3.json"}, 
      "issue_date": {"scale": 2.0, "workflow": "field_processors/date_t2_t3.json"}, 
      "name": {"scale": 1.4, "workflow": "field_processors/surname_t1.json"}, 
      "name0_eng": {
        "scale": 1.2, 
        "workflow": "field_processors/name0_eng_tpl__rus.drvlic.type3.front_fraud.json"
      }, 
      "name1_eng": {
        "scale": 1.2, 
        "workflow": "field_processors/name0_eng_tpl__rus.drvlic.type3.front_fraud.json"
      }, 
      "number": {"scale": 1.2, "workflow": "field_processors/number_t3.json"}, 
      "number2": {
        "scale": 1.0, 
        "workflow": "fraud/multi_sequence_field_workflow_numser_t3.json"
      }, 
      "patronymic": {"scale": 1.4, "workflow": "field_processors/surname_t1.json"}, 
      "photo": {
        "workflow": {"mclass": "FieldProcessingWorkflow", "settings": {}, "type": "image"}
      }, 
      "residence": {
        "scale": 1.6, 
        "workflow": "field_processors/birth_place_residence_t2_t3.json"
      }, 
      "residence0_eng": {
        "scale": 1.2, 
        "workflow": "field_processors/residence0_eng_tpl__rus.drvlic.type3.front_fraud.json"
      }, 
      "residence1_eng": {
        "scale": 1.6, 
        "workflow": "field_processors/residence0_eng_tpl__rus.drvlic.type3.front_fraud.json"
      }, 
      "surname": {"scale": 1.4, "workflow": "field_processors/surname_t1.json"}, 
      "surname0_eng": {
        "scale": 1.2, 
        "workflow": "field_processors/name0_eng_tpl__rus.drvlic.type3.front_fraud.json"
      }, 
      "surname1_eng": {
        "scale": 1.2, 
        "workflow": "field_processors/name0_eng_tpl__rus.drvlic.type3.front_fraud.json"
      }, 
      "trash0": {"workflow": {"mclass": "FieldProcessingWorkflow", "type": "dummy"}}, 
      "trash1": {"workflow": {"mclass": "FieldProcessingWorkflow", "type": "dummy"}}, 
      "trash2": {"workflow": {"mclass": "FieldProcessingWorkflow", "type": "dummy"}}, 
      "trash3": {"workflow": {"mclass": "FieldProcessingWorkflow", "type": "dummy"}}
    }, 
    "formatters": [
      {
        "formatter": ":/postprocessor/date/default_issue_date_DDMMYYYY_formatter.json", 
        "input_fields": ["issue_date"]
      }, 
      {
        "formatter": ":/postprocessor/date/default_expiry_date_DDMMYYYY_formatter.json", 
        "input_fields": ["expiry_date"]
      }, 
      {
        "formatter": ":/postprocessor/dummy_postprocessor.json", 
        "input_fields": ["surname"]
      }, 
      {
        "formatter": ":/postprocessor/dummy_postprocessor.json", 
        "input_fields": ["name"]
      }, 
      {
        "formatter": ":/postprocessor/dummy_postprocessor.json", 
        "input_fields": ["patronymic"]
      }, 
      {
        "formatter": ":/postprocessor/punctuation_filter.json", 
        "input_fields": ["number2"]
      }, 
      {
        "formatter": ":/postprocessor/punctuation_filter.json", 
        "input_fields": ["number"]
      }, 
      {
        "formatter": ":/postprocessor/empty_fields_remover.json", 
        "input_fields": ["number2"]
      }, 
      {
        "formatter": ":/postprocessor/empty_fields_remover.json", 
        "input_fields": ["number"]
      }, 
      {
        "formatter": "postprocessors/punctuation_stripper.json", 
        "input_fields": ["name_eng"]
      }, 
      {
        "formatter": "postprocessors/punctuation_stripper.json", 
        "input_fields": ["surname_eng"]
      }, 
      {
        "formatter": ":/postprocessor/date/default_birth_date_DDMMYYYY_formatter.json", 
        "input_fields": ["birth_date"]
      }, 
      {
        "formatter": ":/postprocessor/dummy_postprocessor.json", 
        "input_fields": ["authority"]
      }, 
      {
        "formatter": ":/postprocessor/dummy_postprocessor.json", 
        "input_fields": ["birth_place"]
      }, 
      {
        "formatter": ":/postprocessor/dummy_postprocessor.json", 
        "input_fields": ["residence"]
      }, 
      {
        "formatter": {
          "mclass": "Postprocessor", 
          "settings": {
            "input_fields_sequence": ["residence0_eng", "residence1_eng"], 
            "output_field": "residence_eng", 
            "separator": "/"
          }, 
          "type": "merge"
        }, 
        "input_fields": ["residence0_eng", "residence1_eng"], 
        "output_fields": ["residence0_eng"]
      }, 
      {
        "formatter": {
          "mclass": "Postprocessor", 
          "settings": {
            "input_fields_sequence": ["birth_place0_eng", "birth_place1_eng"], 
            "output_field": "birth_place0_eng", 
            "separator": "/"
          }, 
          "type": "merge"
        }, 
        "input_fields": ["birth_place0_eng", "birth_place1_eng"], 
        "output_fields": ["birth_place0_eng"]
      }, 
      {
        "formatter": {
          "mclass": "Postprocessor", 
          "settings": {
            "input_fields_sequence": ["name0_eng", "name1_eng"], 
            "output_field": "name0_eng", 
            "separator": "/"
          }, 
          "type": "merge"
        }, 
        "input_fields": ["name0_eng", "name1_eng"], 
        "output_fields": ["name0_eng"]
      }, 
      {
        "formatter": {
          "mclass": "Postprocessor", 
          "settings": {
            "input_fields_sequence": ["surname0_eng", "surname1_eng"], 
            "output_field": "surname0_eng", 
            "separator": "/"
          }, 
          "type": "merge"
        }, 
        "input_fields": ["surname0_eng", "surname1_eng"], 
        "output_fields": ["surname0_eng"]
      }, 
      {
        "formatter": {
          "mclass": "Postprocessor", 
          "settings": {
            "input_field": "residence0_eng", 
            "output_fields_sequence": ["trash", "residence_eng"], 
            "separator": ["/", "-"]
          }, 
          "type": "splitter"
        }, 
        "input_fields": ["residence0_eng"], 
        "output_fields": ["residence_eng"]
      }, 
      {
        "formatter": {
          "mclass": "Postprocessor", 
          "settings": {
            "input_field": "birth_place0_eng", 
            "output_fields_sequence": ["trash", "birth_place_eng"], 
            "separator": ["/", "-"]
          }, 
          "type": "splitter"
        }, 
        "input_fields": ["birth_place0_eng"], 
        "output_fields": ["birth_place_eng"]
      }, 
      {
        "formatter": {
          "mclass": "Postprocessor", 
          "settings": {
            "input_field": "residence", 
            "output_fields_sequence": ["residence", "trash"], 
            "separator": ["/", "-"]
          }, 
          "type": "splitter"
        }, 
        "input_fields": ["residence"], 
        "output_fields": ["residence"]
      }, 
      {
        "formatter": {
          "mclass": "Postprocessor", 
          "settings": {
            "input_field": "birth_place", 
            "output_fields_sequence": ["birth_place", "trash"], 
            "separator": ["/", "-"]
          }, 
          "type": "splitter"
        }, 
        "input_fields": ["birth_place"], 
        "output_fields": ["birth_place"]
      }, 
      {
        "formatter": {
          "mclass": "Postprocessor", 
          "settings": {
            "input_field": "name0_eng", 
            "output_fields_sequence": ["trash", "name_eng"], 
            "separator": ["/", " "]
          }, 
          "type": "splitter"
        }, 
        "input_fields": ["name0_eng"], 
        "output_fields": ["name_eng"]
      }, 
      {
        "formatter": {
          "mclass": "Postprocessor", 
          "settings": {
            "input_field": "surname0_eng", 
            "output_fields_sequence": ["trash", "surname_eng"], 
            "separator": ["/", " "]
          }, 
          "type": "splitter"
        }, 
        "input_fields": ["surname0_eng"], 
        "output_fields": ["surname_eng"]
      }, 
      {
        "formatter": {
          "mclass": "Postprocessor", 
          "settings": {
            "input_field": "name", 
            "output_fields_sequence": ["name", "trash"], 
            "separator": ["/", " "]
          }, 
          "type": "splitter"
        }, 
        "input_fields": ["name"], 
        "output_fields": ["name"]
      }, 
      {
        "formatter": {
          "mclass": "Postprocessor", 
          "settings": {
            "input_field": "surname", 
            "output_fields_sequence": ["surname", "trash"], 
            "separator": ["/", " "]
          }, 
          "type": "splitter"
        }, 
        "input_fields": ["surname"], 
        "output_fields": ["surname"]
      }, 
      {
        "formatter": "postprocessors/type3_number_alphabet_postprocessor.json", 
        "input_fields": ["number"]
      }, 
      {
        "formatter": "postprocessors/type3_number_alphabet_postprocessor.json", 
        "input_fields": ["number2"]
      }
    ], 
    "image_integrators": {
      "__default__": ":/integrator/default_image_integrator.json", 
      "photo": ":/integrator/default_photo_integrator.json"
    }, 
    "integrators": {
      "__default__": ":/integrator/default_rover_integrator.json", 
      "birth_date": ":/integrator/default_token_integrator.json", 
      "expiry_date": ":/integrator/default_token_integrator.json", 
      "issue_date": ":/integrator/default_token_integrator.json", 
      "number": ":/integrator/default_token_integrator.json", 
      "number2": ":/integrator/fraud/default_token_integrator_conf_attrs.json"
    }, 
    "size": [740, 1050], 
    "zones": {
      "photo": {
        "rect": [350, 450, 370, 500], 
        "workflow": ":/photo_retriever/common_objed_photo_retriever.json"
      }, 
      "zone1": {
        "rect": [60, 110, 685, 245], 
        "workflow": {
          "mclass": "ZoneProcessingWorkflow", 
          "settings": {
            "extract_field_images": false, 
            "img_processor": {
              "mclass": "ImageProcessorInterface", 
              "settings": {"satur_coef": 1.5, "suppress_r": true}, 
              "type": "satur_suppress"
            }, 
            "zone_processor": {
              "mclass": "ZoneProcessingWorkflow", 
              "settings": {"vertsgm": "vertsgm/drvlic3_new_multi_seq.json"}, 
              "type": "common"
            }
          }, 
          "type": "with_preprocessing"
        }
      }, 
      "zone2": {
        "rect": [25, 325, 715, 190], 
        "workflow": {
          "mclass": "ZoneProcessingWorkflow", 
          "settings": {"vertsgm": "vertsgm/drvlic_type3_zone2_with_dp.json"}, 
          "type": "common"
        }
      }, 
      "zone3": {
        "rect": [25, 660, 715, 230], 
        "workflow": {
          "mclass": "ZoneProcessingWorkflow", 
          "settings": {
            "extract_field_images": true, 
            "img_processor": {
              "mclass": "ImageProcessorInterface", 
              "settings": {"satur_coef": 1.5, "suppress_b": true}, 
              "type": "satur_suppress"
            }, 
            "zone_processor": {
              "mclass": "ZoneProcessingWorkflow", 
              "settings": {"vertsgm": "vertsgm/drvlic_type3_zone3_with_dp.json"}, 
              "type": "common"
            }
          }, 
          "type": "with_preprocessing"
        }
      }, 
      "zone4": {
        "rect": [100, 915, 500, 145], 
        "workflow": {
          "mclass": "ZoneProcessingWorkflow", 
          "settings": {
            "extract_field_images": true, 
            "img_processor": {
              "mclass": "ImageProcessorInterface", 
              "settings": {"satur_coef": 1.5, "suppress_r": false}, 
              "type": "satur_suppress"
            }, 
            "zone_processor": {
              "mclass": "ZoneProcessingWorkflow", 
              "settings": {"vertsgm": "vertsgm/drvlic_type3_zone4.json"}, 
              "type": "common"
            }
          }, 
          "type": "with_preprocessing"
        }
      }
    }
  }
}