{
  "rus.drvlic.type1:back": {
    "config": "templates/rus.drvlic.type1.back.common.json", 
    "expected_fields": ["number_back"], 
    "field_group_preprocessors": {
      "lettercase_detector": {
        "workflow": {
          "mclass": "FieldGroupProcessingWorkflow", 
          "settings": {
            "fcr": {
              "autocontrast": false, 
              "layer_applier": {
                "nn_path": ":/recstr/netdata/final/synthetic/wrtsys/lc_detector.pb"
              }, 
              "scale_x": 0.75, 
              "y_padding": [0.5, 0.5]
            }, 
            "group_name": "lc", 
            "hot_pin": "S", 
            "input_fields": {
              "restrictions_category_a": 1.0, 
              "restrictions_category_a1": 1.0, 
              "restrictions_category_b": 1.0, 
              "restrictions_category_b1": 1.0, 
              "restrictions_category_be": 1.0, 
              "restrictions_category_c": 1.0, 
              "restrictions_category_c1": 1.0, 
              "restrictions_category_c1e": 1.0, 
              "restrictions_category_ce": 1.0, 
              "restrictions_category_d": 1.0, 
              "restrictions_category_d1": 1.0, 
              "restrictions_category_d1e": 1.0, 
              "restrictions_category_de": 1.0, 
              "restrictions_category_m": 1.0, 
              "restrictions_category_tb": 1.0, 
              "restrictions_category_tm": 1.0
            }, 
            "mode": "m_once", 
            "pin_translation": {" ": "spaces", "C": "caps", "S": "small"}, 
            "target_attribute": "lettercase"
          }, 
          "type": "text_props_processor"
        }
      }
    }, 
    "fields": {
      "expiry_date_category_a": {
        "scale": 2.1, 
        "workflow": "field_processors/date_t1.json"
      }, 
      "expiry_date_category_a1": {
        "scale": 2.1, 
        "workflow": "field_processors/date_t1.json"
      }, 
      "expiry_date_category_b": {
        "scale": 2.1, 
        "workflow": "field_processors/date_t1.json"
      }, 
      "expiry_date_category_b1": {
        "scale": 2.1, 
        "workflow": "field_processors/date_t1.json"
      }, 
      "expiry_date_category_be": {
        "scale": 2.1, 
        "workflow": "field_processors/date_t1.json"
      }, 
      "expiry_date_category_c": {
        "scale": 2.1, 
        "workflow": "field_processors/date_t1.json"
      }, 
      "expiry_date_category_c1": {
        "scale": 2.1, 
        "workflow": "field_processors/date_t1.json"
      }, 
      "expiry_date_category_c1e": {
        "scale": 2.1, 
        "workflow": "field_processors/date_t1.json"
      }, 
      "expiry_date_category_ce": {
        "scale": 2.1, 
        "workflow": "field_processors/date_t1.json"
      }, 
      "expiry_date_category_d": {
        "scale": 2.1, 
        "workflow": "field_processors/date_t1.json"
      }, 
      "expiry_date_category_d1": {
        "scale": 2.1, 
        "workflow": "field_processors/date_t1.json"
      }, 
      "expiry_date_category_d1e": {
        "scale": 2.1, 
        "workflow": "field_processors/date_t1.json"
      }, 
      "expiry_date_category_de": {
        "scale": 2.1, 
        "workflow": "field_processors/date_t1.json"
      }, 
      "expiry_date_category_m": {
        "scale": 2.1, 
        "workflow": "field_processors/date_t1.json"
      }, 
      "expiry_date_category_tb": {
        "scale": 2.1, 
        "workflow": "field_processors/date_t1.json"
      }, 
      "expiry_date_category_tm": {
        "scale": 2.1, 
        "workflow": "field_processors/date_t1.json"
      }, 
      "issue_date_category_a": {"scale": 2.1, "workflow": "field_processors/date_t1.json"}, 
      "issue_date_category_a1": {
        "scale": 2.1, 
        "workflow": "field_processors/date_t1.json"
      }, 
      "issue_date_category_b": {"scale": 2.1, "workflow": "field_processors/date_t1.json"}, 
      "issue_date_category_b1": {
        "scale": 2.1, 
        "workflow": "field_processors/date_t1.json"
      }, 
      "issue_date_category_be": {
        "scale": 2.1, 
        "workflow": "field_processors/date_t1.json"
      }, 
      "issue_date_category_c": {"scale": 2.1, "workflow": "field_processors/date_t1.json"}, 
      "issue_date_category_c1": {
        "scale": 2.1, 
        "workflow": "field_processors/date_t1.json"
      }, 
      "issue_date_category_c1e": {
        "scale": 2.1, 
        "workflow": "field_processors/date_t1.json"
      }, 
      "issue_date_category_ce": {
        "scale": 2.1, 
        "workflow": "field_processors/date_t1.json"
      }, 
      "issue_date_category_d": {"scale": 2.1, "workflow": "field_processors/date_t1.json"}, 
      "issue_date_category_d1": {
        "scale": 2.1, 
        "workflow": "field_processors/date_t1.json"
      }, 
      "issue_date_category_d1e": {
        "scale": 2.1, 
        "workflow": "field_processors/date_t1.json"
      }, 
      "issue_date_category_de": {
        "scale": 2.1, 
        "workflow": "field_processors/date_t1.json"
      }, 
      "issue_date_category_m": {"scale": 2.1, "workflow": "field_processors/date_t1.json"}, 
      "issue_date_category_tb": {
        "scale": 2.1, 
        "workflow": "field_processors/date_t1.json"
      }, 
      "issue_date_category_tm": {
        "scale": 2.1, 
        "workflow": "field_processors/date_t1.json"
      }, 
      "number_back": {
        "scale": 1.2, 
        "workflow": "fraud/multi_sequence_field_workflow_numser_t1_back.json"
      }, 
      "remarks": {
        "scale": 2.2, 
        "workflow": {
          "mclass": "FieldProcessingWorkflow", 
          "settings": {"recstr": ":/recstr/rus.drvlic__mlang_symb_dig_recstr.json"}, 
          "type": "common"
        }
      }, 
      "restrictions_category_a": {
        "scale": 2.1, 
        "workflow": "field_processors/authority_eng_tpl__rus.drvlic.type1.front_fraud_with_dp.json"
      }, 
      "restrictions_category_a1": {
        "scale": 2.1, 
        "workflow": "field_processors/authority_eng_tpl__rus.drvlic.type1.front_fraud_with_dp.json"
      }, 
      "restrictions_category_b": {
        "scale": 2.1, 
        "workflow": "field_processors/authority_eng_tpl__rus.drvlic.type1.front_fraud_with_dp.json"
      }, 
      "restrictions_category_b1": {
        "scale": 2.1, 
        "workflow": "field_processors/authority_eng_tpl__rus.drvlic.type1.front_fraud_with_dp.json"
      }, 
      "restrictions_category_be": {
        "scale": 2.1, 
        "workflow": "field_processors/authority_eng_tpl__rus.drvlic.type1.front_fraud_with_dp.json"
      }, 
      "restrictions_category_c": {
        "scale": 2.1, 
        "workflow": "field_processors/authority_eng_tpl__rus.drvlic.type1.front_fraud_with_dp.json"
      }, 
      "restrictions_category_c1": {
        "scale": 2.1, 
        "workflow": "field_processors/authority_eng_tpl__rus.drvlic.type1.front_fraud_with_dp.json"
      }, 
      "restrictions_category_c1e": {
        "scale": 2.1, 
        "workflow": "field_processors/authority_eng_tpl__rus.drvlic.type1.front_fraud_with_dp.json"
      }, 
      "restrictions_category_ce": {
        "scale": 2.1, 
        "workflow": "field_processors/authority_eng_tpl__rus.drvlic.type1.front_fraud_with_dp.json"
      }, 
      "restrictions_category_d": {
        "scale": 2.1, 
        "workflow": "field_processors/authority_eng_tpl__rus.drvlic.type1.front_fraud_with_dp.json"
      }, 
      "restrictions_category_d1": {
        "scale": 2.1, 
        "workflow": "field_processors/authority_eng_tpl__rus.drvlic.type1.front_fraud_with_dp.json"
      }, 
      "restrictions_category_d1e": {
        "scale": 2.1, 
        "workflow": "field_processors/authority_eng_tpl__rus.drvlic.type1.front_fraud_with_dp.json"
      }, 
      "restrictions_category_de": {
        "scale": 2.1, 
        "workflow": "field_processors/authority_eng_tpl__rus.drvlic.type1.front_fraud_with_dp.json"
      }, 
      "restrictions_category_m": {
        "scale": 2.1, 
        "workflow": "field_processors/authority_eng_tpl__rus.drvlic.type1.front_fraud_with_dp.json"
      }, 
      "restrictions_category_tb": {
        "scale": 2.1, 
        "workflow": "field_processors/authority_eng_tpl__rus.drvlic.type1.front_fraud_with_dp.json"
      }, 
      "restrictions_category_tm": {
        "scale": 2.1, 
        "workflow": "field_processors/authority_eng_tpl__rus.drvlic.type1.front_fraud_with_dp.json"
      }
    }, 
    "formatters": [
      {
        "formatter": ":/postprocessor/punctuation_filter.json", 
        "input_fields": ["number_back"]
      }, 
      {
        "formatter": ":/postprocessor/empty_fields_remover.json", 
        "input_fields": ["number_back"]
      }, 
      {
        "allow_incomplete_inputs": true, 
        "formatter": ":/postprocessor/date/default_issue_date_DDMMYYYY_formatter.json", 
        "input_fields": [
          "issue_date_category_a", 
          "issue_date_category_a1", 
          "issue_date_category_b", 
          "issue_date_category_b1", 
          "issue_date_category_c", 
          "issue_date_category_c1", 
          "issue_date_category_d", 
          "issue_date_category_d1", 
          "issue_date_category_be", 
          "issue_date_category_ce", 
          "issue_date_category_c1e", 
          "issue_date_category_de", 
          "issue_date_category_d1e", 
          "issue_date_category_m", 
          "issue_date_category_tm", 
          "issue_date_category_tb"
        ]
      }, 
      {
        "allow_incomplete_inputs": true, 
        "formatter": ":/postprocessor/date/default_expiry_date_DDMMYYYY_formatter.json", 
        "input_fields": [
          "expiry_date_category_a", 
          "expiry_date_category_a1", 
          "expiry_date_category_b", 
          "expiry_date_category_b1", 
          "expiry_date_category_c", 
          "expiry_date_category_c1", 
          "expiry_date_category_d", 
          "expiry_date_category_d1", 
          "expiry_date_category_be", 
          "expiry_date_category_ce", 
          "expiry_date_category_c1e", 
          "expiry_date_category_de", 
          "expiry_date_category_d1e", 
          "expiry_date_category_m", 
          "expiry_date_category_tm", 
          "expiry_date_category_tb"
        ]
      }
    ], 
    "image_integrators": {"__default__": ":/integrator/default_image_integrator.json"}, 
    "integrators": {
      "__default__": ":/integrator/default_rover_integrator.json", 
      "expiry_date_category_a": ":/integrator/default_token_integrator.json", 
      "expiry_date_category_a1": ":/integrator/default_token_integrator.json", 
      "expiry_date_category_b": ":/integrator/default_token_integrator.json", 
      "expiry_date_category_b1": ":/integrator/default_token_integrator.json", 
      "expiry_date_category_be": ":/integrator/default_token_integrator.json", 
      "expiry_date_category_c": ":/integrator/default_token_integrator.json", 
      "expiry_date_category_c1": ":/integrator/default_token_integrator.json", 
      "expiry_date_category_c1e": ":/integrator/default_token_integrator.json", 
      "expiry_date_category_ce": ":/integrator/default_token_integrator.json", 
      "expiry_date_category_d": ":/integrator/default_token_integrator.json", 
      "expiry_date_category_d1": ":/integrator/default_token_integrator.json", 
      "expiry_date_category_d1e": ":/integrator/default_token_integrator.json", 
      "expiry_date_category_de": ":/integrator/default_token_integrator.json", 
      "expiry_date_category_m": ":/integrator/default_token_integrator.json", 
      "expiry_date_category_tb": ":/integrator/default_token_integrator.json", 
      "expiry_date_category_tm": ":/integrator/default_token_integrator.json", 
      "issue_date_category_a": ":/integrator/default_token_integrator.json", 
      "issue_date_category_a1": ":/integrator/default_token_integrator.json", 
      "issue_date_category_b": ":/integrator/default_token_integrator.json", 
      "issue_date_category_b1": ":/integrator/default_token_integrator.json", 
      "issue_date_category_be": ":/integrator/default_token_integrator.json", 
      "issue_date_category_c": ":/integrator/default_token_integrator.json", 
      "issue_date_category_c1": ":/integrator/default_token_integrator.json", 
      "issue_date_category_c1e": ":/integrator/default_token_integrator.json", 
      "issue_date_category_ce": ":/integrator/default_token_integrator.json", 
      "issue_date_category_d": ":/integrator/default_token_integrator.json", 
      "issue_date_category_d1": ":/integrator/default_token_integrator.json", 
      "issue_date_category_d1e": ":/integrator/default_token_integrator.json", 
      "issue_date_category_de": ":/integrator/default_token_integrator.json", 
      "issue_date_category_m": ":/integrator/default_token_integrator.json", 
      "issue_date_category_tb": ":/integrator/default_token_integrator.json", 
      "issue_date_category_tm": ":/integrator/default_token_integrator.json", 
      "number_back": ":/integrator/fraud/default_token_integrator_conf_attrs.json", 
      "restrictions_category_a": ":/integrator/default_token_integrator.json", 
      "restrictions_category_a1": ":/integrator/default_token_integrator.json", 
      "restrictions_category_b": ":/integrator/default_token_integrator.json", 
      "restrictions_category_b1": ":/integrator/default_token_integrator.json", 
      "restrictions_category_be": ":/integrator/default_token_integrator.json", 
      "restrictions_category_c": ":/integrator/default_token_integrator.json", 
      "restrictions_category_c1": ":/integrator/default_token_integrator.json", 
      "restrictions_category_c1e": ":/integrator/default_token_integrator.json", 
      "restrictions_category_ce": ":/integrator/default_token_integrator.json", 
      "restrictions_category_d": ":/integrator/default_token_integrator.json", 
      "restrictions_category_d1": ":/integrator/default_token_integrator.json", 
      "restrictions_category_d1e": ":/integrator/default_token_integrator.json", 
      "restrictions_category_de": ":/integrator/default_token_integrator.json", 
      "restrictions_category_m": ":/integrator/default_token_integrator.json", 
      "restrictions_category_tb": ":/integrator/default_token_integrator.json", 
      "restrictions_category_tm": ":/integrator/default_token_integrator.json"
    }, 
    "size": [856, 540], 
    "zones": {
      "back_number_zone": {
        "rect": [358, 447, 450, 99], 
        "workflow": {
          "mclass": "ZoneProcessingWorkflow", 
          "settings": {"vertsgm": "vertsgm/drvlic_type1_back_number_zone_with_dp.json"}, 
          "type": "common"
        }
      }, 
      "main_zone": {
        "rect": [151, 48, 685, 431], 
        "workflow": {
          "mclass": "ZoneProcessingWorkflow", 
          "settings": {"vertsgm": "vertsgm/drvlic_type1_back_multizone.json"}, 
          "type": "common"
        }
      }
    }
  }
}