{
  "rus.drvlic.type1:front": {
    "config": "templates/rus.drvlic.type1.front.common.json", 
    "expected_fields": [
      "issue_date", 
      "surname", 
      "number", 
      "authority", 
      "expiry_date", 
      "birth_place", 
      "name_and_patronymic", 
      "birth_date"
    ], 
    "field_group_preprocessors": {
      "lettercase_detector": {
        "workflow": {
          "mclass": "FieldGroupProcessingWorkflow", 
          "settings": {
            "fcr": {
              "autocontrast": false, 
              "layer_applier": {
                "nn_path": ":/recstr/netdata/final/synthetic/wrtsys/lc_detector.pb"
              }, 
              "scale_x": 0.75, 
              "y_padding": [0.5, 0.5]
            }, 
            "group_name": "lc", 
            "hot_pin": "S", 
            "input_fields": {
              "authority_eng": 1.0, 
              "birth_place_eng": 1.0, 
              "name_and_patronymic_eng": 1.0, 
              "residence_eng": 1.0, 
              "surname_eng": 1.0
            }, 
            "mode": "m_once", 
            "pin_translation": {" ": "spaces", "C": "caps", "S": "small"}, 
            "target_attribute": "lettercase"
          }, 
          "type": "text_props_processor"
        }
      }
    }, 
    "fields": {
      "authority": {"scale": 2.0, "workflow": "field_processors/authority_t1.json"}, 
      "authority_eng": {
        "scale": 2.5, 
        "workflow": "field_processors/authority_eng_tpl__rus.drvlic.type1.front_fraud_with_dp.json"
      }, 
      "birth_date": {"scale": 2.0, "workflow": "field_processors/date_t1.json"}, 
      "birth_place": {
        "scale": 2.1, 
        "workflow": "field_processors/birth_place_residence_t1.json"
      }, 
      "birth_place_eng": {
        "scale": 2.4, 
        "workflow": "field_processors/birth_place_eng_tpl__rus.drvlic.type1.front_fraud_with_dp.json"
      }, 
      "categories0": {
        "scale": 2.5, 
        "workflow": {
          "mclass": "FieldProcessingWorkflow", 
          "settings": {
            "processors": [
              "line_eraser_field.json", 
              {
                "mclass": "FieldProcessingWorkflow", 
                "settings": {
                  "custom_alphabet": "ABCDEMTM 1", 
                  "recstr": ":/recstr/111_eu_n0086_recstr.json"
                }, 
                "type": "common"
              }
            ]
          }, 
          "type": "multi_sequence"
        }
      }, 
      "categories1": {
        "scale": 2.5, 
        "workflow": {
          "mclass": "FieldProcessingWorkflow", 
          "settings": {
            "processors": [
              "line_eraser_field.json", 
              {
                "mclass": "FieldProcessingWorkflow", 
                "settings": {
                  "custom_alphabet": "ABCDEMTM 1", 
                  "recstr": ":/recstr/111_eu_n0086_recstr.json"
                }, 
                "type": "common"
              }
            ]
          }, 
          "type": "multi_sequence"
        }
      }, 
      "expiry_date": {"scale": 2.0, "workflow": "field_processors/date_t1.json"}, 
      "issue_date": {"scale": 2.0, "workflow": "field_processors/date_t1.json"}, 
      "name_and_patronymic": {"scale": 2.0, "workflow": "field_processors/fio_t1.json"}, 
      "name_and_patronymic_eng": {
        "scale": 2.5, 
        "workflow": "field_processors/name_and_patronymic_eng_tpl__rus.drvlic.type1.front_fraud_with_dp.json"
      }, 
      "number": {"scale": 2.0, "workflow": "field_processors/numser_t1.json"}, 
      "photo": {
        "workflow": {"mclass": "FieldProcessingWorkflow", "settings": {}, "type": "image"}
      }, 
      "residence": {
        "scale": 2.2, 
        "workflow": "field_processors/birth_place_residence_t1.json"
      }, 
      "residence_eng": {
        "scale": 2.5, 
        "workflow": "field_processors/residence_eng_tpl__rus.drvlic.type1.front_fraud_with_dp.json"
      }, 
      "surname": {"scale": 2.0, "workflow": "field_processors/surname_t1.json"}, 
      "surname_eng": {
        "scale": 2.5, 
        "workflow": "field_processors/surname_eng_tpl__rus.drvlic.type1.front_fraud_with_dp.json"
      }
    }, 
    "formatters": [
      {
        "formatter": ":/postprocessor/date/default_issue_date_DDMMYYYY_formatter.json", 
        "input_fields": ["issue_date"]
      }, 
      {
        "formatter": ":/postprocessor/date/default_expiry_date_DDMMYYYY_formatter.json", 
        "input_fields": ["expiry_date"]
      }, 
      {
        "formatter": ":/postprocessor/dummy_postprocessor.json", 
        "input_fields": ["surname"]
      }, 
      {
        "formatter": ":/postprocessor/punctuation_filter.json", 
        "input_fields": ["number"]
      }, 
      {
        "formatter": ":/postprocessor/dummy_postprocessor.json", 
        "input_fields": ["name_and_patronymic"]
      }, 
      {
        "formatter": ":/postprocessor/date/default_birth_date_DDMMYYYY_formatter.json", 
        "input_fields": ["birth_date"]
      }, 
      {
        "formatter": ":/postprocessor/dummy_postprocessor.json", 
        "input_fields": ["birth_place"]
      }, 
      {
        "formatter": "postprocessors/type1_authority_postprocessor.json", 
        "input_fields": ["authority"]
      }, 
      {
        "formatter": ":/postprocessor/dummy_postprocessor.json", 
        "input_fields": ["residence"]
      }, 
      {
        "allow_incomplete_inputs": true, 
        "formatter": {
          "mclass": "Postprocessor", 
          "settings": {
            "input_fields_sequence": ["categories0", "categories1"], 
            "output_field": "categories", 
            "separator": " "
          }, 
          "type": "merge"
        }, 
        "input_fields": ["categories0", "categories1"], 
        "output_fields": ["categories"]
      }
    ], 
    "image_integrators": {
      "__default__": ":/integrator/default_image_integrator.json", 
      "photo": ":/integrator/default_photo_integrator.json"
    }, 
    "integrators": {
      "__default__": ":/integrator/default_rover_integrator.json", 
      "birth_date": ":/integrator/default_token_integrator.json", 
      "expiry_date": ":/integrator/default_token_integrator.json", 
      "issue_date": ":/integrator/default_token_integrator.json", 
      "number": ":/integrator/default_token_integrator.json"
    }, 
    "size": [856, 540], 
    "zones": {
      "categories_with_dp": {
        "rect": [310, 430, 540, 110], 
        "workflow": {
          "mclass": "ZoneProcessingWorkflow", 
          "settings": {
            "processors": [
              "vertsgm/line_eraser.json", 
              {
                "mclass": "ZoneProcessingWorkflow", 
                "settings": {"vertsgm": "vertsgm/drvlic_type1_categories_with_dp.json"}, 
                "type": "common"
              }
            ]
          }, 
          "type": "multi_sequence"
        }
      }, 
      "photo_zone": {
        "rect": [0, 0, 420, 540], 
        "workflow": ":/photo_retriever/common_objed_photo_retriever.json"
      }, 
      "zone1_with_dp": {
        "rect": [310, 80, 540, 400], 
        "workflow": {
          "mclass": "ZoneProcessingWorkflow", 
          "settings": {"vertsgm": "vertsgm/drvlic_type1_zone1_with_dp.json"}, 
          "type": "common"
        }
      }
    }
  }
}