{
  "rus.drvlic.type3:back": {
    "config": "templates/rus.drvlic.type3.back.common.json", 
    "expected_fields": ["number_back", "number2_back"], 
    "fields": {
      "categoriesA": {
        "scale": 1.0, 
        "workflow": {
          "mclass": "FieldProcessingWorkflow", 
          "settings": {
            "custom_alphabet": "A*# АХРАЗШЕНО", 
            "recstr": ":/recstr/rus.drvlic__mlang_symb_dig_recstr.json"
          }, 
          "type": "common"
        }
      }, 
      "categoriesB": {
        "scale": 0.9, 
        "workflow": {
          "mclass": "FieldProcessingWorkflow", 
          "settings": {
            "custom_alphabet": "B*#X ВХРАЗШЕНО", 
            "recstr": ":/recstr/rus.drvlic__mlang_symb_dig_recstr.json"
          }, 
          "type": "common"
        }
      }, 
      "categoriesC": {
        "scale": 1.0, 
        "workflow": {
          "mclass": "FieldProcessingWorkflow", 
          "settings": {
            "custom_alphabet": "C*#X СХРАЗШЕНО", 
            "recstr": ":/recstr/rus.drvlic__mlang_symb_dig_recstr.json"
          }, 
          "type": "common"
        }
      }, 
      "categoriesD": {
        "scale": 0.9, 
        "workflow": {
          "mclass": "FieldProcessingWorkflow", 
          "settings": {
            "custom_alphabet": "D*#X ХРАЗШЕНО", 
            "recstr": ":/recstr/rus.drvlic__mlang_symb_dig_recstr.json"
          }, 
          "type": "common"
        }
      }, 
      "categoriesE": {
        "scale": 1.0, 
        "workflow": {
          "mclass": "FieldProcessingWorkflow", 
          "settings": {
            "custom_alphabet": "E*#X ХРАЗШЕНО", 
            "recstr": ":/recstr/rus.drvlic__mlang_symb_dig_recstr.json"
          }, 
          "type": "common"
        }
      }, 
      "number2_back": {
        "scale": 1.2, 
        "workflow": "fraud/multi_sequence_field_workflow_numser_t3.json"
      }, 
      "number_back": {"scale": 1.2, "workflow": "field_processors/number_t3.json"}
    }, 
    "formatters": [
      {
        "formatter": ":/postprocessor/punctuation_filter.json", 
        "input_fields": ["number2_back"]
      }, 
      {
        "formatter": ":/postprocessor/punctuation_filter.json", 
        "input_fields": ["number_back"]
      }, 
      {
        "formatter": ":/postprocessor/empty_fields_remover.json", 
        "input_fields": ["number_back2"]
      }, 
      {
        "formatter": ":/postprocessor/empty_fields_remover.json", 
        "input_fields": ["number_back"]
      }
    ], 
    "image_integrators": {"__default__": ":/integrator/default_image_integrator.json"}, 
    "integrators": {
      "__default__": ":/integrator/default_rover_integrator.json", 
      "number2_back": ":/integrator/fraud/default_token_integrator_conf_attrs.json", 
      "number_back": ":/integrator/default_token_integrator.json"
    }, 
    "size": [740, 1050], 
    "zones": {
      "categories_zone": {
        "rect": [440, 110, 300, 800], 
        "workflow": {
          "mclass": "ZoneProcessingWorkflow", 
          "settings": {
            "processors": [
              "vertsgm/drvlic_type3_line_eraser.json", 
              {
                "mclass": "ZoneProcessingWorkflow", 
                "settings": {"vertsgm": "vertsgm/drvlic_type3_categories_with_dp.json"}, 
                "type": "common"
              }
            ]
          }, 
          "type": "multi_sequence"
        }
      }, 
      "zone1": {
        "rects": [[100, 925, 500, 130], [100, 825, 500, 130]], 
        "workflow": {
          "mclass": "ZoneProcessingWorkflow", 
          "settings": {"vertsgm": "vertsgm/drvlic_type3_zone4_back.json"}, 
          "type": "common"
        }
      }
    }
  }
}