{
  "rus.drvlic.type2:front": {
    "config": "templates/rus.drvlic.type2.front.common.json", 
    "expected_fields": [
      "issue_date", 
      "surname", 
      "name", 
      "residence", 
      "number", 
      "patronymic", 
      "expiry_date", 
      "birth_date"
    ], 
    "field_group_preprocessors": {
      "lettercase_detector": {
        "workflow": {
          "mclass": "FieldGroupProcessingWorkflow", 
          "settings": {
            "fcr": {
              "autocontrast": false, 
              "layer_applier": {
                "nn_path": ":/recstr/netdata/final/synthetic/wrtsys/lc_detector.pb"
              }, 
              "scale_x": 0.75, 
              "y_padding": [0.5, 0.5]
            }, 
            "group_name": "lc", 
            "hot_pin": "S", 
            "input_fields": {
              "birth_place_eng": 1.0, 
              "name_eng": 1.0, 
              "residence_eng": 1.0, 
              "surname_eng": 1.0
            }, 
            "mode": "m_once", 
            "pin_translation": {" ": "spaces", "C": "caps", "S": "small"}, 
            "target_attribute": "lettercase"
          }, 
          "type": "text_props_processor"
        }
      }, 
      "text_line_cloner": {
        "workflow": {
          "mclass": "FieldGroupProcessingWorkflow", 
          "settings": {"cloning_map": {"birth_place": ["birth_place_eng"]}}, 
          "type": "cloning"
        }
      }
    }, 
    "fields": {
      "authority0": {"scale": 2.0, "workflow": "field_processors/authority_t2.json"}, 
      "authority1": {"scale": 2.0, "workflow": "field_processors/authority_t2.json"}, 
      "authority2": {"scale": 2.0, "workflow": "field_processors/authority_t2.json"}, 
      "birth_date": {"scale": 2.0, "workflow": "field_processors/date_t2_t3.json"}, 
      "birth_place": {
        "scale": 2.1, 
        "workflow": "field_processors/birth_place_residence_t2_t3.json"
      }, 
      "birth_place_eng": {
        "scale": 2.5, 
        "workflow": "field_processors/birth_place_eng_tpl__rus.drvlic.type2.front_fraud_with_dp.json"
      }, 
      "expiry_date": {"scale": 2.0, "workflow": "field_processors/date_t2_t3.json"}, 
      "issue_date": {"scale": 2.0, "workflow": "field_processors/date_t2_t3.json"}, 
      "name": {"scale": 2.0, "workflow": "field_processors/name_patronymic_t2.json"}, 
      "name_eng": {
        "scale": 2.5, 
        "workflow": "field_processors/name_and_patronymic_eng_tpl__rus.drvlic.type1.front_fraud_with_dp.json"
      }, 
      "number": {"scale": 1.4, "workflow": "field_processors/numser_t2.json"}, 
      "patronymic": {"scale": 2.0, "workflow": "field_processors/name_patronymic_t2.json"}, 
      "photo": {
        "workflow": {"mclass": "FieldProcessingWorkflow", "settings": {}, "type": "image"}
      }, 
      "residence": {
        "scale": 2.0, 
        "workflow": "field_processors/birth_place_residence_t2_t3.json"
      }, 
      "residence_eng": {
        "scale": 2.0, 
        "workflow": "field_processors/name_and_patronymic_eng_tpl__rus.drvlic.type1.front_fraud_with_dp.json"
      }, 
      "surname": {"scale": 2.0, "workflow": "field_processors/surname_t2.json"}, 
      "surname_eng": {
        "scale": 2.0, 
        "workflow": "field_processors/name_and_patronymic_eng_tpl__rus.drvlic.type1.front_fraud_with_dp.json"
      }
    }, 
    "formatters": [
      {
        "formatter": ":/postprocessor/date/default_issue_date_DDMMYYYY_formatter.json", 
        "input_fields": ["issue_date"]
      }, 
      {
        "formatter": ":/postprocessor/date/default_expiry_date_DDMMYYYY_formatter.json", 
        "input_fields": ["expiry_date"]
      }, 
      {
        "formatter": ":/postprocessor/punctuation_filter.json", 
        "input_fields": ["number"]
      }, 
      {
        "formatter": ":/postprocessor/spaces_filter.json", 
        "input_fields": ["authority1"]
      }, 
      {
        "formatter": ":/postprocessor/spaces_filter.json", 
        "input_fields": ["authority2"]
      }, 
      {
        "formatter": "postprocessors/type2_number_postprocessor.json", 
        "input_fields": ["number"]
      }, 
      {
        "formatter": ":/postprocessor/date/default_birth_date_DDMMYYYY_formatter.json", 
        "input_fields": ["birth_date"]
      }, 
      {
        "formatter": ":/postprocessor/slash_left_cropper.json", 
        "input_fields": ["birth_place"]
      }, 
      {
        "formatter": ":/postprocessor/slash_right_cropper.json", 
        "input_fields": ["birth_place_eng"]
      }, 
      {
        "allow_incomplete_inputs": true, 
        "formatter": {
          "mclass": "Postprocessor", 
          "settings": {
            "input_fields_sequence": ["authority1", "authority2"], 
            "output_field": "authority12", 
            "separator": ""
          }, 
          "type": "merge"
        }, 
        "input_fields": ["authority1", "authority2"], 
        "output_fields": ["authority12"]
      }, 
      {
        "allow_incomplete_inputs": true, 
        "formatter": {
          "mclass": "Postprocessor", 
          "settings": {
            "input_fields_sequence": ["authority0", "authority12"], 
            "output_field": "authority", 
            "separator": " "
          }, 
          "type": "merge"
        }, 
        "input_fields": ["authority0", "authority12"], 
        "output_fields": ["authority"]
      }
    ], 
    "image_integrators": {
      "__default__": ":/integrator/default_image_integrator.json", 
      "photo": ":/integrator/default_photo_integrator.json"
    }, 
    "integrators": {
      "__default__": ":/integrator/default_rover_integrator.json", 
      "birth_date": ":/integrator/default_token_integrator.json", 
      "expiry_date": ":/integrator/default_token_integrator.json", 
      "issue_date": ":/integrator/default_token_integrator.json", 
      "number": ":/integrator/default_token_integrator.json"
    }, 
    "size": [856, 540], 
    "zones": {
      "authority_zone": {
        "rect": [335, 325, 145, 115], 
        "workflow": {
          "mclass": "ZoneProcessingWorkflow", 
          "settings": {
            "processors": [
              "vertsgm/line_eraser.json", 
              {
                "mclass": "ZoneProcessingWorkflow", 
                "settings": {
                  "vertsgm": "vertsgm/drvlic_type2_authority_zone_with_dp.json"
                }, 
                "type": "common"
              }
            ]
          }, 
          "type": "multi_sequence"
        }
      }, 
      "data_zone": {
        "rects": [[330, 145, 500, 230]], 
        "workflow": {
          "mclass": "ZoneProcessingWorkflow", 
          "settings": {
            "extract_field_images": false, 
            "img_processor": {
              "mclass": "ImageProcessorInterface", 
              "settings": {"satur_coef": 1.5}, 
              "type": "satur_suppress"
            }, 
            "zone_processor": {
              "mclass": "ZoneProcessingWorkflow", 
              "settings": {"vertsgm": "vertsgm/drvlic_type2_zone2_with_dp.json"}, 
              "type": "common"
            }
          }, 
          "type": "with_preprocessing"
        }
      }, 
      "number_zone": {
        "rect": [330, 10, 330, 150], 
        "workflow": {
          "mclass": "ZoneProcessingWorkflow", 
          "settings": {"vertsgm": "vertsgm/drvlic_type2_zone1_with_dp.json"}, 
          "type": "common"
        }
      }, 
      "photo_zone": {
        "rect": [0, 0, 420, 540], 
        "workflow": ":/photo_retriever/common_objed_photo_retriever.json"
      }, 
      "zone3": {
        "rect": [470, 340, 350, 60], 
        "workflow": {
          "mclass": "ZoneProcessingWorkflow", 
          "settings": {"vertsgm": "vertsgm/drvlic_type2_zone3_with_dp.json"}, 
          "type": "common"
        }
      }
    }
  }
}