{
    "(sample)": "",
    "features": {
        "content": {
            "(ffe)": "",
            "descriptor_size": 128,
            "descriptor_type": "uint1",
            "rotations": 4,
            "variants": "rus.employment_record.type1.page1.common/variants.json"
        },
        "type": "common",
        "mclass": "TemplateFeatures"
    },
    "name": "rus.employment_record.type1:page1",
    "linked_templates": [

    ],
    "size_mm": [
        88.0,
        125.0
    ],
    "size_px": [
        880,
        1250
    ]
}
