{
    "(sample)": "",
    "features": {
        "content": {
            "(ffe)": "",
            "descriptor_size": 128,
            "descriptor_type": "uint1",
            "rotations": 4,
            "variants": "rus.employment_record.type2.page1.common/variants.json"
        },
        "type": "common",
        "mclass": "TemplateFeatures"
    },
    "name": "rus.employment_record.type2:page1",
    "linked_templates": [

    ],
    "size_mm": [
        100.0,
        140.0
    ],
    "size_px": [
        1000,
        1400
    ]
}
