{
  "mclass": "Postprocessor", 
  "settings": {
    "postprocessors": [
      {
        "mclass": "Postprocessor", 
        "settings": {
          "dictionary_path": ":/postprocessor/dict/pfr/trigram_surname.pb", 
          "postptocessing_weight": 0.9
        }, 
        "type": "trigram"
      }, 
      {
        "mclass": "Postprocessor", 
        "settings": {
          "deletion_base_penalty": 1.0, 
          "deletion_streak_penalty": 1.0, 
          "dictionary": {
            "data": ":/postprocessor/dict/pfr/levdict_surname_short.dict", 
            "type": "file"
          }, 
          "insertion_base_penalty": 1.0, 
          "insertion_streak_penalty": 1.0, 
          "max_input_confidence": 0.8, 
          "max_input_dict_weight": 0, 
          "max_levenshtein_penalty": 2.0, 
          "max_states_count": 2000, 
          "min_change_dict_weight": 1000, 
          "substitution_weight": 0.5
        }, 
        "type": "levdict"
      }
    ]
  }, 
  "type": "multisequence"
}