{
  "mclass": "Postprocessor", 
  "settings": {
    "postprocessors": [
      {
        "mclass": "Postprocessor", 
        "settings": {
          "dictionary": {"data": ["|GIBDD|"], "type": "inline"}, 
          "levdict_search": {
            "deletion_base_penalty": 1.0, 
            "deletion_streak_penalty": 1.0, 
            "insertion_base_penalty": 1.0, 
            "insertion_streak_penalty": 1.0, 
            "max_input_confidence": 0.9, 
            "max_input_dict_weight": 0, 
            "max_relative_levenshtein_penalty": 0.1, 
            "max_states_count": 5000, 
            "min_change_dict_weight": 0, 
            "substitution_weight": 0.6
          }, 
          "separator_replacement": "|", 
          "separator_replacement_confidence": 1.0, 
          "separators_alphabet": " ", 
          "substring_confidence_threshold": 10.99, 
          "substring_overlap_wing": 0, 
          "substring_penalty_threshold": 0.5
        }, 
        "type": "levdict_substring"
      }, 
      {
        "mclass": "Postprocessor", 
        "settings": {
          "alphabet_postprocessor": ":/postprocessor/alphabet/digits_only_alphabet_postprocessor.json"
        }, 
        "type": "symbols_near_digits_replacer"
      }
    ]
  }, 
  "type": "multisequence"
}