{
  "rus.divorce_certificate.type1": {
    "(documentation)": {
      "description": "Russian Divorce Certificate (Russia's coat of arms on the top)", 
      "name": "Russian Divorce Certificate"
    },
    "expected_templates": ["rus.divorce_certificate.type1:main"], 
    "output_fields": [
      "surname_partner1", 
      "name_partner1", 
      "patronymic_partner1", 
      "birth_date_partner1", 
      "surname_partner2", 
      "name_partner2", 
      "patronymic_partner2", 
      "birth_date_partner2", 
      "divorce_date", 
      "new_surname", 
      "issue_date", 
      "verdict_date", 
      "series", 
      "number", 
      "full_number", 
      "issued_to_surname", 
      "issued_to_name", 
      "issued_to_patronymic"
    ], 
    "postprocessors": [
      {
        "input_fields": ["name_and_patronymic_partner1"], 
        "output_fields": ["name_partner1", "patronymic_partner1"], 
        "postprocessor": "postprocessors/name_and_patronymic_separator_partner1.json"
      }, 
      {
        "input_fields": [
          "birth_day_partner1", 
          "birth_month_partner1", 
          "birth_year_partner1"
        ], 
        "output_fields": [
          "birth_day_partner1", 
          "birth_month_partner1", 
          "birth_year_partner1", 
          "birth_date_partner1"
        ], 
        "postprocessor": "postprocessors/birth_date_partner1_postprocessor.json"
      }, 
      {
        "input_fields": ["name_and_patronymic_partner2"], 
        "output_fields": ["name_partner2", "patronymic_partner2"], 
        "postprocessor": "postprocessors/name_and_patronymic_separator_partner2.json"
      }, 
      {
        "input_fields": [
          "birth_day_partner2", 
          "birth_month_partner2", 
          "birth_year_partner2"
        ], 
        "output_fields": [
          "birth_day_partner2", 
          "birth_month_partner2", 
          "birth_year_partner2", 
          "birth_date_partner2"
        ], 
        "postprocessor": "postprocessors/birth_date_partner2_postprocessor.json"
      }, 
      {
        "input_fields": ["new_surname"], 
        "output_fields": ["new_surname"], 
        "postprocessor": "postprocessors/surname_postprocessor.json"
      }, 
      {
        "input_fields": ["issue_day", "issue_month", "issue_year"], 
        "output_fields": ["issue_day", "issue_month", "issue_year", "issue_date"], 
        "postprocessor": "postprocessors/issue_date_postprocessor.json"
      }, 
      {
        "input_fields": ["verdict_day", "verdict_month", "verdict_year"], 
        "output_fields": [
          "verdict_day", 
          "verdict_month", 
          "verdict_year", 
          "verdict_date"
        ], 
        "postprocessor": "postprocessors/verdict_date_postprocessor.json"
      }, 
      {
        "input_fields": ["series"], 
        "postprocessor": "postprocessors/prefix_postprocessor.json"
      }, 
      {
        "input_fields": ["number"], 
        "postprocessor": ":/postprocessor/alphabet/digits_only_number_6_postprocessor.json"
      }, 
      {
        "input_fields": ["number", "series"], 
        "output_fields": ["number", "series", "full_number"], 
        "postprocessor": "postprocessors/full_number_postprocessor.json"
      }
    ], 
    "rejectors": {"__default__": ":/rejector/default_loyal_rejector.json"}, 
    "templates": {
      "rus.divorce_certificate.type1:main": {
        "path": "tpl__rus.divorce_certificate.type1.main_certificate.type1.json"
      }
    }
  }
}