{
  "rus.divorce_certificate.type1:main": {
    "config": "templates/rus.divorce_certificate.type1.main.common.json", 
    "expected_fields": [
      "birth_month_partner1", 
      "birth_month_partner2", 
      "issue_year", 
      "new_surname", 
      "series", 
      "issue_day", 
      "birth_day_partner2", 
      "number", 
      "issued_to_surname", 
      "issue_month", 
      "name_and_patronymic_partner1", 
      "verdict_month", 
      "birth_day_partner1", 
      "name_and_patronymic_partner2", 
      "surname_partner2", 
      "verdict_day", 
      "birth_year_partner1", 
      "verdict_year", 
      "birth_year_partner2", 
      "surname_partner1", 
      "divorce_date"
    ], 
    "fields": {
      "birth_day_partner1": {
        "scale": 1.4, 
        "workflow": {
          "mclass": "FieldProcessingWorkflow", 
          "settings": {
            "custom_alphabet": "0123456789 .-", 
            "deshearer": ":/mixangler/dummy_deshearer.json", 
            "recstr": ":/recstr/001__n0057_recstr.json"
          }, 
          "type": "common"
        }
      }, 
      "birth_day_partner2": {
        "scale": 1.4, 
        "workflow": {
          "mclass": "FieldProcessingWorkflow", 
          "settings": {
            "custom_alphabet": "0123456789 .-", 
            "deshearer": ":/mixangler/dummy_deshearer.json", 
            "recstr": ":/recstr/001__n0057_recstr.json"
          }, 
          "type": "common"
        }
      }, 
      "birth_month_partner1": {
        "scale": 1.4, 
        "workflow": {
          "mclass": "FieldProcessingWorkflow", 
          "settings": {
            "custom_alphabet": " -АБВГДЕЁЖЗИЙКЛМНОПРСТУФХЦЧШЩЪЫЬЭЮЯ", 
            "deshearer": ":/mixangler/rus_certificate_deshearer.json", 
            "recstr": ":/recstr/rus.marriage_certificate_fio_recstr.json"
          }, 
          "type": "common"
        }
      }, 
      "birth_month_partner2": {
        "scale": 1.4, 
        "workflow": {
          "mclass": "FieldProcessingWorkflow", 
          "settings": {
            "custom_alphabet": " -АБВГДЕЁЖЗИЙКЛМНОПРСТУФХЦЧШЩЪЫЬЭЮЯ", 
            "deshearer": ":/mixangler/rus_certificate_deshearer.json", 
            "recstr": ":/recstr/rus.marriage_certificate_fio_recstr.json"
          }, 
          "type": "common"
        }
      }, 
      "birth_year_partner1": {
        "scale": 1.4, 
        "workflow": {
          "mclass": "FieldProcessingWorkflow", 
          "settings": {
            "custom_alphabet": "0123456789 .-", 
            "deshearer": ":/mixangler/dummy_deshearer.json", 
            "recstr": ":/recstr/001__n0057_recstr.json"
          }, 
          "type": "common"
        }
      }, 
      "birth_year_partner2": {
        "scale": 1.4, 
        "workflow": {
          "mclass": "FieldProcessingWorkflow", 
          "settings": {
            "custom_alphabet": "0123456789 .-", 
            "deshearer": ":/mixangler/dummy_deshearer.json", 
            "recstr": ":/recstr/001__n0057_recstr.json"
          }, 
          "type": "common"
        }
      }, 
      "divorce_date": {
        "scale": 1.4, 
        "workflow": {
          "mclass": "FieldProcessingWorkflow", 
          "settings": {
            "custom_alphabet": " ./0123456789", 
            "deshearer": ":/mixangler/rus_certificate_deshearer.json", 
            "recstr": ":/recstr/001__n0038_recstr.json"
          }, 
          "type": "common"
        }
      }, 
      "issue_day": {
        "scale": 1.4, 
        "workflow": {
          "mclass": "FieldProcessingWorkflow", 
          "settings": {
            "custom_alphabet": "0123456789 .-", 
            "deshearer": ":/mixangler/dummy_deshearer.json", 
            "recstr": ":/recstr/001__n0057_recstr.json"
          }, 
          "type": "common"
        }
      }, 
      "issue_month": {
        "scale": 1.4, 
        "workflow": {
          "mclass": "FieldProcessingWorkflow", 
          "settings": {
            "custom_alphabet": " -АБВГДЕЁЖЗИЙКЛМНОПРСТУФХЦЧШЩЪЫЬЭЮЯ", 
            "deshearer": ":/mixangler/rus_certificate_deshearer.json", 
            "recstr": ":/recstr/rus.marriage_certificate_fio_recstr.json"
          }, 
          "type": "common"
        }
      }, 
      "issue_year": {
        "scale": 1.4, 
        "workflow": {
          "mclass": "FieldProcessingWorkflow", 
          "settings": {
            "custom_alphabet": "0123456789 .-", 
            "deshearer": ":/mixangler/dummy_deshearer.json", 
            "recstr": ":/recstr/001__n0057_recstr.json"
          }, 
          "type": "common"
        }
      }, 
      "issued_to_name_and_patronymic": {
        "scale": 1.4, 
        "workflow": {
          "mclass": "FieldProcessingWorkflow", 
          "settings": {
            "custom_alphabet": " -АБВГДЕЁЖЗИЙКЛМНОПРСТУФХЦЧШЩЪЫЬЭЮЯ", 
            "deshearer": ":/mixangler/rus_certificate_deshearer.json", 
            "recstr": ":/recstr/rus.marriage_certificate_fio_recstr.json"
          }, 
          "type": "common"
        }
      }, 
      "issued_to_surname": {
        "scale": 1.4, 
        "workflow": {
          "mclass": "FieldProcessingWorkflow", 
          "settings": {
            "custom_alphabet": " -АБВГДЕЁЖЗИЙКЛМНОПРСТУФХЦЧШЩЪЫЬЭЮЯ", 
            "deshearer": ":/mixangler/rus_certificate_deshearer.json", 
            "recstr": ":/recstr/rus.marriage_certificate_fio_recstr.json"
          }, 
          "type": "common"
        }
      }, 
      "name_and_patronymic_partner1": {
        "scale": 1.4, 
        "workflow": {
          "mclass": "FieldProcessingWorkflow", 
          "settings": {
            "custom_alphabet": " -АБВГДЕЁЖЗИЙКЛМНОПРСТУФХЦЧШЩЪЫЬЭЮЯ", 
            "deshearer": ":/mixangler/rus_certificate_deshearer.json", 
            "recstr": ":/recstr/rus.marriage_certificate_fio_recstr.json"
          }, 
          "type": "common"
        }
      }, 
      "name_and_patronymic_partner2": {
        "scale": 1.4, 
        "workflow": {
          "mclass": "FieldProcessingWorkflow", 
          "settings": {
            "custom_alphabet": " -АБВГДЕЁЖЗИЙКЛМНОПРСТУФХЦЧШЩЪЫЬЭЮЯ", 
            "deshearer": ":/mixangler/rus_certificate_deshearer.json", 
            "recstr": ":/recstr/rus.marriage_certificate_fio_recstr.json"
          }, 
          "type": "common"
        }
      }, 
      "new_surname": {
        "scale": 1.4, 
        "workflow": {
          "mclass": "FieldProcessingWorkflow", 
          "settings": {
            "custom_alphabet": " -АБВГДЕЁЖЗИЙКЛМНОПРСТУФХЦЧШЩЪЫЬЭЮЯ", 
            "deshearer": ":/mixangler/rus_certificate_deshearer.json", 
            "recstr": ":/recstr/rus.marriage_certificate_fio_recstr.json"
          }, 
          "type": "common"
        }
      }, 
      "number": {
        "scale": 1.0, 
        "workflow": {
          "mclass": "FieldProcessingWorkflow", 
          "settings": {
            "deshearer": ":/mixangler/dummy_deshearer.json", 
            "recstr": ":/recstr/001__n0015_recstr.json"
          }, 
          "type": "common"
        }
      }, 
      "series": {
        "scale": 1.0, 
        "workflow": {
          "mclass": "FieldProcessingWorkflow", 
          "settings": {
            "custom_alphabet": "АБВГДЕЁЖЗИЙКЛМНОПРСТУФХЦЧШЩЪЫЭЮЯ -IVLD", 
            "deshearer": ":/mixangler/dummy_deshearer.json", 
            "recstr": ":/recstr/rus.birth_certificate__prefix_recstr.json"
          }, 
          "type": "common"
        }
      }, 
      "surname_partner1": {
        "scale": 1.4, 
        "workflow": {
          "mclass": "FieldProcessingWorkflow", 
          "settings": {
            "custom_alphabet": " -АБВГДЕЁЖЗИЙКЛМНОПРСТУФХЦЧШЩЪЫЬЭЮЯ", 
            "deshearer": ":/mixangler/rus_certificate_deshearer.json", 
            "recstr": ":/recstr/rus.marriage_certificate_fio_recstr.json"
          }, 
          "type": "common"
        }
      }, 
      "surname_partner2": {
        "scale": 1.4, 
        "workflow": {
          "mclass": "FieldProcessingWorkflow", 
          "settings": {
            "custom_alphabet": " -АБВГДЕЁЖЗИЙКЛМНОПРСТУФХЦЧШЩЪЫЬЭЮЯ", 
            "deshearer": ":/mixangler/rus_certificate_deshearer.json", 
            "recstr": ":/recstr/rus.marriage_certificate_fio_recstr.json"
          }, 
          "type": "common"
        }
      }, 
      "verdict_day": {
        "scale": 1.4, 
        "workflow": {
          "mclass": "FieldProcessingWorkflow", 
          "settings": {
            "custom_alphabet": "0123456789 .-", 
            "deshearer": ":/mixangler/dummy_deshearer.json", 
            "recstr": ":/recstr/001__n0057_recstr.json"
          }, 
          "type": "common"
        }
      }, 
      "verdict_month": {
        "scale": 1.4, 
        "workflow": {
          "mclass": "FieldProcessingWorkflow", 
          "settings": {
            "custom_alphabet": " -АБВГДЕЁЖЗИЙКЛМНОПРСТУФХЦЧШЩЪЫЬЭЮЯ", 
            "deshearer": ":/mixangler/rus_certificate_deshearer.json", 
            "recstr": ":/recstr/rus.marriage_certificate_fio_recstr.json"
          }, 
          "type": "common"
        }
      }, 
      "verdict_year": {
        "scale": 1.4, 
        "workflow": {
          "mclass": "FieldProcessingWorkflow", 
          "settings": {
            "custom_alphabet": "0123456789 .-", 
            "deshearer": ":/mixangler/dummy_deshearer.json", 
            "recstr": ":/recstr/001__n0057_recstr.json"
          }, 
          "type": "common"
        }
      }
    }, 
    "formatters": [
      {
        "formatter": ":/postprocessor/dummy_postprocessor.json", 
        "input_fields": ["surname_partner1"]
      }, 
      {
        "formatter": ":/postprocessor/dummy_postprocessor.json", 
        "input_fields": ["name_and_patronymic_partner1"]
      }, 
      {
        "formatter": ":/postprocessor/punctuation_filter.json", 
        "input_fields": ["birth_day_partner1"]
      }, 
      {
        "formatter": ":/postprocessor/punctuation_filter.json", 
        "input_fields": ["birth_month_partner1"]
      }, 
      {
        "formatter": ":/postprocessor/punctuation_filter.json", 
        "input_fields": ["birth_year_partner1"]
      }, 
      {
        "formatter": ":/postprocessor/dummy_postprocessor.json", 
        "input_fields": ["surname_partner2"]
      }, 
      {
        "formatter": ":/postprocessor/dummy_postprocessor.json", 
        "input_fields": ["name_and_patronymic_partner2"]
      }, 
      {
        "formatter": ":/postprocessor/punctuation_filter.json", 
        "input_fields": ["birth_day_partner2"]
      }, 
      {
        "formatter": ":/postprocessor/punctuation_filter.json", 
        "input_fields": ["birth_month_partner2"]
      }, 
      {
        "formatter": ":/postprocessor/punctuation_filter.json", 
        "input_fields": ["birth_year_partner2"]
      }, 
      {
        "formatter": ":/postprocessor/date/default_birth_date_DDMMYYYY_postprocessor.json", 
        "input_fields": ["divorce_date"]
      }, 
      {
        "formatter": ":/postprocessor/dummy_postprocessor.json", 
        "input_fields": ["new_surname"]
      }, 
      {
        "formatter": ":/postprocessor/punctuation_filter.json", 
        "input_fields": ["issue_day"]
      }, 
      {
        "formatter": ":/postprocessor/punctuation_filter.json", 
        "input_fields": ["issue_month"]
      }, 
      {
        "formatter": ":/postprocessor/punctuation_filter.json", 
        "input_fields": ["issue_year"]
      }, 
      {
        "formatter": ":/postprocessor/punctuation_filter.json", 
        "input_fields": ["verdict_day"]
      }, 
      {
        "formatter": ":/postprocessor/punctuation_filter.json", 
        "input_fields": ["verdict_month"]
      }, 
      {
        "formatter": ":/postprocessor/punctuation_filter.json", 
        "input_fields": ["verdict_year"]
      }, 
      {"formatter": ":/postprocessor/spaces_filter.json", "input_fields": ["series"]}, 
      {
        "formatter": ":/postprocessor/punctuation_filter.json", 
        "input_fields": ["number"]
      }, 
      {
        "formatter": ":/postprocessor/punctuation_filter.json", 
        "input_fields": ["issued_to_surname"]
      }
    ], 
    "image_integrators": {"__default__": ":/integrator/default_image_integrator.json"}, 
    "integrators": {
      "number": ":/integrator/default_token_integrator.json", 
      "series": ":/integrator/default_token_integrator.json"
    }, 
    "size": [1600, 2220], 
    "zones": {
      "divorce_date_zone": {
        "rect": [400, 935, 1000, 80], 
        "workflow": {
          "mclass": "ZoneProcessingWorkflow", 
          "settings": {"vertsgm": "vertsgm/divorce_date_zone.json"}, 
          "type": "common"
        }
      }, 
      "issue_date_zone": {
        "rect": [590, 1810, 880, 100], 
        "workflow": {
          "mclass": "ZoneProcessingWorkflow", 
          "settings": {"vertsgm": "vertsgm/issue_date_zone.json"}, 
          "type": "common"
        }
      }, 
      "issued_to_zone": {
        "rect": [550, 1685, 840, 120], 
        "workflow": {
          "mclass": "ZoneProcessingWorkflow", 
          "settings": {"vertsgm": "vertsgm/issued_to_zone.json"}, 
          "type": "common"
        }
      }, 
      "new_surname_zone": {
        "rect": [315, 1420, 1120, 120], 
        "workflow": {
          "mclass": "ZoneProcessingWorkflow", 
          "settings": {"vertsgm": "vertsgm/new_surname_zone.json"}, 
          "type": "common"
        }
      }, 
      "number_zone": {
        "rect": [550, 1990, 510, 120], 
        "workflow": {
          "mclass": "ZoneProcessingWorkflow", 
          "settings": {"vertsgm": "vertsgm/number_zone.json"}, 
          "type": "common"
        }
      }, 
      "partner1_fio_zone": {
        "rect": [160, 340, 1300, 280], 
        "workflow": {
          "mclass": "ZoneProcessingWorkflow", 
          "settings": {"vertsgm": "vertsgm/partner1_fio_zone.json"}, 
          "type": "common"
        }
      }, 
      "partner2_fio_zone": {
        "rect": [160, 650, 1300, 240], 
        "workflow": {
          "mclass": "ZoneProcessingWorkflow", 
          "settings": {"vertsgm": "vertsgm/partner2_fio_zone.json"}, 
          "type": "common"
        }
      }, 
      "verdict_date_zone": {
        "rect": [150, 1220, 800, 80], 
        "workflow": {
          "mclass": "ZoneProcessingWorkflow", 
          "settings": {"vertsgm": "vertsgm/verdict_date_zone.json"}, 
          "type": "common"
        }
      }
    }
  }
}