{
  "rus.birth_certificate.type2": {
    "(documentation)": {
      "description": "Russian Birth Certificate (QR code on the left-top side, main page)", 
      "name": "Russian Birth Certificate"
    }, 
    "expected_templates": ["rus.birth_certificate.type2:front"], 
    "output_fields": [
      "act_number", 
      "authority", 
      "barcode", 
      "birth_date", 
      "birth_date_full", 
      "birth_place", 
      "father_birth_date", 
      "father_birth_day", 
      "father_birth_month", 
      "father_birth_year", 
      "father_ethnicity", 
      "father_name", 
      "father_name_and_patronymic", 
      "father_nationality", 
      "father_patronymic", 
      "father_surname", 
      "full_number", 
      "gender_predicted", 
      "issue_date", 
      "issue_date_2", 
      "issue_day", 
      "issue_day_2", 
      "issue_month", 
      "issue_month_2", 
      "issue_place", 
      "issue_year", 
      "issue_year_2", 
      "mother_birth_date", 
      "mother_birth_day", 
      "mother_birth_month", 
      "mother_birth_year", 
      "mother_ethnicity", 
      "mother_name", 
      "mother_name_and_patronymic", 
      "mother_nationality", 
      "mother_patronymic", 
      "mother_surname", 
      "name", 
      "name_and_patronymic", 
      "number", 
      "patronymic", 
      "series", 
      "signature", 
      "surname"
    ], 
    "postprocessors": [
      {
        "input_fields": ["name_and_patronymic"], 
        "output_fields": ["name", "patronymic"], 
        "postprocessor": "postprocessors/name_and_patronymic_separator.json"
      }, 
      {
        "input_fields": ["name"], 
        "output_fields": ["name"], 
        "postprocessor": "postprocessors/name_postprocessor.json"
      }, 
      {
        "input_fields": ["patronymic"], 
        "output_fields": ["patronymic"], 
        "postprocessor": "postprocessors/patronymic_postprocessor.json"
      }, 
      {
        "input_fields": ["name", "patronymic"], 
        "output_fields": ["name_and_patronymic"], 
        "postprocessor": {
          "mclass": "Postprocessor", 
          "settings": {
            "input_fields_sequence": ["name", "patronymic"], 
            "output_field": "name_and_patronymic", 
            "separator": " "
          }, 
          "type": "merge"
        }
      }, 
      {
        "input_fields": ["surname"], 
        "output_fields": ["surname"], 
        "postprocessor": "postprocessors/surname_postprocessor.json"
      }, 
      {
        "input_fields": ["father_name_and_patronymic"], 
        "output_fields": ["father_name", "father_patronymic"], 
        "postprocessor": "postprocessors/father_name_and_patronymic_separator.json"
      }, 
      {
        "input_fields": ["father_name"], 
        "output_fields": ["father_name"], 
        "postprocessor": "postprocessors/name_postprocessor.json"
      }, 
      {
        "input_fields": ["father_patronymic"], 
        "output_fields": ["father_patronymic"], 
        "postprocessor": "postprocessors/patronymic_postprocessor.json"
      }, 
      {
        "input_fields": ["father_name", "father_patronymic"], 
        "output_fields": ["father_name_and_patronymic"], 
        "postprocessor": {
          "mclass": "Postprocessor", 
          "settings": {
            "input_fields_sequence": ["father_name", "father_patronymic"], 
            "output_field": "father_name_and_patronymic", 
            "separator": " "
          }, 
          "type": "merge"
        }
      }, 
      {
        "input_fields": ["father_surname"], 
        "output_fields": ["father_surname"], 
        "postprocessor": "postprocessors/surname_postprocessor.json"
      }, 
      {
        "input_fields": ["mother_name_and_patronymic"], 
        "output_fields": ["mother_name", "mother_patronymic"], 
        "postprocessor": "postprocessors/mother_name_and_patronymic_separator.json"
      }, 
      {
        "input_fields": ["mother_name"], 
        "output_fields": ["mother_name"], 
        "postprocessor": "postprocessors/name_postprocessor.json"
      }, 
      {
        "input_fields": ["mother_patronymic"], 
        "output_fields": ["mother_patronymic"], 
        "postprocessor": "postprocessors/patronymic_postprocessor.json"
      }, 
      {
        "input_fields": ["mother_name", "mother_patronymic"], 
        "output_fields": ["mother_name_and_patronymic"], 
        "postprocessor": {
          "mclass": "Postprocessor", 
          "settings": {
            "input_fields_sequence": ["mother_name", "mother_patronymic"], 
            "output_field": "mother_name_and_patronymic", 
            "separator": " "
          }, 
          "type": "merge"
        }
      }, 
      {
        "input_fields": ["mother_surname"], 
        "output_fields": ["mother_surname"], 
        "postprocessor": "postprocessors/surname_postprocessor.json"
      }, 
      {
        "input_fields": ["patronymic", "surname"], 
        "output_fields": ["gender_predicted"], 
        "postprocessor": "postprocessors/name_and_patronymic_gender_predictor_postprocessor.json"
      }, 
      {
        "input_fields": ["series"], 
        "postprocessor": "postprocessors/prefix_postprocessor.json"
      }, 
      {
        "input_fields": ["number"], 
        "postprocessor": ":/postprocessor/alphabet/digits_only_number_6_postprocessor.json"
      }, 
      {
        "input_fields": ["number", "series"], 
        "output_fields": ["number", "series", "full_number"], 
        "postprocessor": "postprocessors/full_number_postprocessor.json"
      }, 
      {
        "input_fields": ["issue_month"], 
        "postprocessor": "postprocessors/month_postprocessor.json"
      }, 
      {
        "input_fields": ["issue_day", "issue_month", "issue_year"], 
        "output_fields": ["issue_day", "issue_month", "issue_year", "issue_date"], 
        "postprocessor": "postprocessors/issue_date_postprocessor.json"
      }, 
      {
        "input_fields": ["issue_month"], 
        "postprocessor": "postprocessors/month_rollback_replacer_postprocessor.json"
      }, 
      {
        "input_fields": ["issue_date"], 
        "postprocessor": "postprocessors/birth_date_postprocessor.json"
      }, 
      {
        "input_fields": ["issue_month_2"], 
        "postprocessor": "postprocessors/month_postprocessor.json"
      }, 
      {
        "input_fields": ["issue_day_2", "issue_month_2", "issue_year_2"], 
        "output_fields": [
          "issue_day_2", 
          "issue_month_2", 
          "issue_year_2", 
          "issue_date_2"
        ], 
        "postprocessor": "postprocessors/issue_date_2_postprocessor.json"
      }, 
      {
        "input_fields": ["issue_month_2"], 
        "postprocessor": "postprocessors/month_rollback_replacer_postprocessor.json"
      }, 
      {
        "input_fields": ["issue_date_2"], 
        "postprocessor": "postprocessors/birth_date_postprocessor.json"
      }, 
      {
        "input_fields": ["father_nationality"], 
        "output_fields": ["father_nationality"], 
        "postprocessor": "postprocessors/father_levdict_nationality_postprocessor.json"
      }, 
      {
        "input_fields": ["father_ethnicity"], 
        "output_fields": ["father_ethnicity"], 
        "postprocessor": "postprocessors/father_levdict_ethnicity_postprocessor.json"
      }, 
      {
        "input_fields": ["father_birth_month"], 
        "postprocessor": "postprocessors/month_postprocessor.json"
      }, 
      {
        "input_fields": ["father_birth_day", "father_birth_month", "father_birth_year"], 
        "output_fields": [
          "father_birth_day", 
          "father_birth_month", 
          "father_birth_year", 
          "father_birth_date"
        ], 
        "postprocessor": "postprocessors/father_birth_date_postprocessor.json"
      }, 
      {
        "input_fields": ["father_birth_month"], 
        "postprocessor": "postprocessors/month_rollback_replacer_postprocessor.json"
      }, 
      {
        "input_fields": ["father_birth_date"], 
        "postprocessor": "postprocessors/birth_date_postprocessor.json"
      }, 
      {
        "input_fields": ["mother_nationality"], 
        "output_fields": ["mother_nationality"], 
        "postprocessor": "postprocessors/mother_levdict_nationality_postprocessor.json"
      }, 
      {
        "input_fields": ["mother_ethnicity"], 
        "output_fields": ["mother_ethnicity"], 
        "postprocessor": "postprocessors/mother_levdict_ethnicity_postprocessor.json"
      }, 
      {
        "input_fields": ["mother_birth_month"], 
        "postprocessor": "postprocessors/month_postprocessor.json"
      }, 
      {
        "input_fields": ["mother_birth_day", "mother_birth_month", "mother_birth_year"], 
        "output_fields": [
          "mother_birth_day", 
          "mother_birth_month", 
          "mother_birth_year", 
          "mother_birth_date"
        ], 
        "postprocessor": "postprocessors/mother_birth_date_postprocessor.json"
      }, 
      {
        "input_fields": ["mother_birth_month"], 
        "postprocessor": "postprocessors/month_rollback_replacer_postprocessor.json"
      }, 
      {
        "input_fields": ["mother_birth_date"], 
        "postprocessor": "postprocessors/birth_date_postprocessor.json"
      }, 
      {
        "input_fields": ["birth_date"], 
        "postprocessor": "postprocessors/month_replacer_postprocessor.json"
      }, 
      {
        "input_fields": ["birth_date"], 
        "postprocessor": ":/postprocessor/date/default_birth_date_DDMMYYYY_postprocessor.json"
      }, 
      {
        "input_fields": ["authority"], 
        "postprocessor": ":/postprocessor/O0_replacer.json"
      }, 
      {
        "input_fields": ["issue_place"], 
        "postprocessor": ":/postprocessor/O0_replacer.json"
      }
    ], 
    "rejectors": {"__default__": ":/rejector/default_loyal_rejector.json"}, 
    "templates": {
      "rus.birth_certificate.type2:front": {
        "path": "tpl__rus.birth_certificate.type2.front_certificate.type2.json"
      }
    }
  }
}