{
  "rus.birth_certificate.type2:front": {
    "config": "templates/rus.birth_certificate.type2.front.common.json", 
    "expected_fields": [
      "surname", 
      "issue_year", 
      "series", 
      "issue_day", 
      "issue_month", 
      "number", 
      "birth_place", 
      "name_and_patronymic", 
      "birth_date"
    ], 
    "fields": {
      "act_number": {
        "scale": 1.8, 
        "workflow": {
          "mclass": "FieldProcessingWorkflow", 
          "settings": {
            "custom_alphabet": " ./0123456789", 
            "deshearer": "mixangler/common.json", 
            "recstr": ":/recstr/001__n0038_recstr.json"
          }, 
          "type": "common"
        }
      }, 
      "authority_line1": {
        "scale": 1.8, 
        "workflow": {
          "mclass": "FieldProcessingWorkflow", 
          "settings": {
            "custom_alphabet": "АБВГДЕЁЖЗИЙКЛМНОПРСТУФХЦЧШЩЪЫЬЭЮЯ. -123456789", 
            "deshearer": "mixangler/common.json", 
            "recstr": ":/recstr/rus.birth_certificate__bplace_recstr.json"
          }, 
          "type": "common"
        }
      }, 
      "authority_line2": {
        "scale": 1.8, 
        "workflow": {
          "mclass": "FieldProcessingWorkflow", 
          "settings": {
            "custom_alphabet": "АБВГДЕЁЖЗИЙКЛМНОПРСТУФХЦЧШЩЪЫЬЭЮЯ. -123456789", 
            "deshearer": "mixangler/common.json", 
            "recstr": ":/recstr/rus.birth_certificate__bplace_recstr.json"
          }, 
          "type": "common"
        }
      }, 
      "authority_line3": {
        "scale": 1.8, 
        "workflow": {
          "mclass": "FieldProcessingWorkflow", 
          "settings": {
            "custom_alphabet": "АБВГДЕЁЖЗИЙКЛМНОПРСТУФХЦЧШЩЪЫЬЭЮЯ. -123456789", 
            "deshearer": "mixangler/common.json", 
            "recstr": ":/recstr/rus.birth_certificate__bplace_recstr.json"
          }, 
          "type": "common"
        }
      }, 
      "barcode": {"workflow": {"mclass": "FieldProcessingWorkflow", "type": "dummy"}}, 
      "birth_date": {
        "scale": 1.8, 
        "workflow": {
          "mclass": "FieldProcessingWorkflow", 
          "settings": {
            "custom_alphabet": "АБВГДЕЁЖЗИЙКЛМНОПРСТУФХЦЧШЩЪЫЬЭЮЯ. 123456789", 
            "deshearer": "mixangler/common.json", 
            "recstr": ":/recstr/rus.birth_certificate__bplace_recstr.json"
          }, 
          "type": "common"
        }
      }, 
      "birth_place_line1": {
        "scale": 1.8, 
        "workflow": {
          "mclass": "FieldProcessingWorkflow", 
          "settings": {
            "custom_alphabet": "АБВГДЕЁЖЗИЙКЛМНОПРСТУФХЦЧШЩЪЫЬЭЮЯ. -", 
            "deshearer": "mixangler/common.json", 
            "recstr": ":/recstr/rus.birth_certificate__bplace_recstr.json"
          }, 
          "type": "common"
        }
      }, 
      "birth_place_line2": {
        "scale": 1.8, 
        "workflow": {
          "mclass": "FieldProcessingWorkflow", 
          "settings": {
            "custom_alphabet": "АБВГДЕЁЖЗИЙКЛМНОПРСТУФХЦЧШЩЪЫЬЭЮЯ. -", 
            "deshearer": "mixangler/common.json", 
            "recstr": ":/recstr/rus.birth_certificate__bplace_recstr.json"
          }, 
          "type": "common"
        }
      }, 
      "birth_place_line3": {
        "scale": 1.8, 
        "workflow": {
          "mclass": "FieldProcessingWorkflow", 
          "settings": {
            "custom_alphabet": "АБВГДЕЁЖЗИЙКЛМНОПРСТУФХЦЧШЩЪЫЬЭЮЯ. -", 
            "deshearer": "mixangler/common.json", 
            "recstr": ":/recstr/rus.birth_certificate__bplace_recstr.json"
          }, 
          "type": "common"
        }
      }, 
      "father_birth_day": {
        "scale": 1.8, 
        "workflow": {
          "mclass": "FieldProcessingWorkflow", 
          "settings": {
            "custom_alphabet": "0123456789 .-", 
            "deshearer": ":/mixangler/dummy_deshearer.json", 
            "recstr": ":/recstr/001__n0057_recstr.json"
          }, 
          "type": "common"
        }
      }, 
      "father_birth_month": {
        "scale": 1.8, 
        "workflow": {
          "mclass": "FieldProcessingWorkflow", 
          "settings": {
            "custom_alphabet": "АБВГДЕЁЖЗИЙКЛМНОПРСТУФХЦЧШЩЪЫЬЭЮЯ -", 
            "deshearer": "mixangler/common.json", 
            "recstr": ":/recstr/rus.birth_certificate__bplace_recstr.json"
          }, 
          "type": "common"
        }
      }, 
      "father_birth_year": {
        "scale": 1.8, 
        "workflow": {
          "mclass": "FieldProcessingWorkflow", 
          "settings": {
            "custom_alphabet": "0123456789 .-", 
            "deshearer": ":/mixangler/dummy_deshearer.json", 
            "recstr": ":/recstr/001__n0057_recstr.json"
          }, 
          "type": "common"
        }
      }, 
      "father_ethnicity": {
        "scale": 1.8, 
        "workflow": {
          "mclass": "FieldProcessingWorkflow", 
          "settings": {
            "custom_alphabet": "АБВГДЕЁЖЗИЙКЛМНОПРСТУФХЦЧШЩЪЫЬЭЮЯ -", 
            "deshearer": "mixangler/common.json", 
            "recstr": ":/recstr/rus.birth_certificate__bplace_recstr.json"
          }, 
          "type": "common"
        }
      }, 
      "father_name_and_patronymic": {
        "scale": 1.8, 
        "workflow": {
          "mclass": "FieldProcessingWorkflow", 
          "settings": {
            "custom_alphabet": " -АБВГДЕЁЖЗИЙКЛМНОПРСТУФХЦЧШЩЪЫЬЭЮЯ", 
            "deshearer": "mixangler/common.json", 
            "recstr": ":/recstr/rus.birth_certificate__bplace_recstr.json"
          }, 
          "type": "common"
        }
      }, 
      "father_nationality": {
        "scale": 1.8, 
        "workflow": {
          "mclass": "FieldProcessingWorkflow", 
          "settings": {
            "custom_alphabet": " -АБВГДЕЁЖЗИЙКЛМНОПРСТУФХЦЧШЩЪЫЬЭЮЯ", 
            "deshearer": "mixangler/common.json", 
            "recstr": ":/recstr/rus.birth_certificate__bplace_recstr.json"
          }, 
          "type": "common"
        }
      }, 
      "father_surname": {
        "scale": 1.8, 
        "workflow": {
          "mclass": "FieldProcessingWorkflow", 
          "settings": {
            "custom_alphabet": " -АБВГДЕЁЖЗИЙКЛМНОПРСТУФХЦЧШЩЪЫЬЭЮЯ", 
            "deshearer": "mixangler/common.json", 
            "recstr": ":/recstr/rus.birth_certificate__bplace_recstr.json"
          }, 
          "type": "common"
        }
      }, 
      "issue_day": {
        "scale": 1.8, 
        "workflow": {
          "mclass": "FieldProcessingWorkflow", 
          "settings": {
            "custom_alphabet": "0123456789 .-", 
            "deshearer": ":/mixangler/dummy_deshearer.json", 
            "recstr": ":/recstr/001__n0057_recstr.json"
          }, 
          "type": "common"
        }
      }, 
      "issue_day_2": {
        "scale": 1.8, 
        "workflow": {
          "mclass": "FieldProcessingWorkflow", 
          "settings": {
            "custom_alphabet": "0123456789 .-", 
            "deshearer": ":/mixangler/dummy_deshearer.json", 
            "recstr": ":/recstr/001__n0057_recstr.json"
          }, 
          "type": "common"
        }
      }, 
      "issue_month": {
        "scale": 1.8, 
        "workflow": {
          "mclass": "FieldProcessingWorkflow", 
          "settings": {
            "custom_alphabet": "АБВГДЕЁЖЗИЙКЛМНОПРСТУФХЦЧШЩЪЫЬЭЮЯ -", 
            "deshearer": "mixangler/common.json", 
            "recstr": ":/recstr/rus.birth_certificate__bplace_recstr.json"
          }, 
          "type": "common"
        }
      }, 
      "issue_month_2": {
        "scale": 1.8, 
        "workflow": {
          "mclass": "FieldProcessingWorkflow", 
          "settings": {
            "custom_alphabet": "АБВГДЕЁЖЗИЙКЛМНОПРСТУФХЦЧШЩЪЫЬЭЮЯ -", 
            "deshearer": "mixangler/common.json", 
            "recstr": ":/recstr/rus.birth_certificate__bplace_recstr.json"
          }, 
          "type": "common"
        }
      }, 
      "issue_place_line1": {
        "scale": 1.8, 
        "workflow": {
          "mclass": "FieldProcessingWorkflow", 
          "settings": {
            "custom_alphabet": "АБВГДЕЁЖЗИЙКЛМНОПРСТУФХЦЧШЩЪЫЬЭЮЯ. -123456789", 
            "deshearer": "mixangler/common.json", 
            "recstr": ":/recstr/rus.birth_certificate__bplace_recstr.json"
          }, 
          "type": "common"
        }
      }, 
      "issue_place_line2": {
        "scale": 1.8, 
        "workflow": {
          "mclass": "FieldProcessingWorkflow", 
          "settings": {
            "custom_alphabet": "АБВГДЕЁЖЗИЙКЛМНОПРСТУФХЦЧШЩЪЫЬЭЮЯ. -123456789", 
            "deshearer": "mixangler/common.json", 
            "recstr": ":/recstr/rus.birth_certificate__bplace_recstr.json"
          }, 
          "type": "common"
        }
      }, 
      "issue_place_line3": {
        "scale": 1.8, 
        "workflow": {
          "mclass": "FieldProcessingWorkflow", 
          "settings": {
            "custom_alphabet": "АБВГДЕЁЖЗИЙКЛМНОПРСТУФХЦЧШЩЪЫЬЭЮЯ. -123456789", 
            "deshearer": "mixangler/common.json", 
            "recstr": ":/recstr/rus.birth_certificate__bplace_recstr.json"
          }, 
          "type": "common"
        }
      }, 
      "issue_year": {
        "scale": 1.8, 
        "workflow": {
          "mclass": "FieldProcessingWorkflow", 
          "settings": {
            "custom_alphabet": "0123456789 .-", 
            "deshearer": ":/mixangler/dummy_deshearer.json", 
            "recstr": ":/recstr/001__n0057_recstr.json"
          }, 
          "type": "common"
        }
      }, 
      "issue_year_2": {
        "scale": 1.8, 
        "workflow": {
          "mclass": "FieldProcessingWorkflow", 
          "settings": {
            "custom_alphabet": "0123456789 .-", 
            "deshearer": ":/mixangler/dummy_deshearer.json", 
            "recstr": ":/recstr/001__n0057_recstr.json"
          }, 
          "type": "common"
        }
      }, 
      "mother_birth_day": {
        "scale": 1.8, 
        "workflow": {
          "mclass": "FieldProcessingWorkflow", 
          "settings": {
            "custom_alphabet": "0123456789 .-", 
            "deshearer": ":/mixangler/dummy_deshearer.json", 
            "recstr": ":/recstr/001__n0057_recstr.json"
          }, 
          "type": "common"
        }
      }, 
      "mother_birth_month": {
        "scale": 1.8, 
        "workflow": {
          "mclass": "FieldProcessingWorkflow", 
          "settings": {
            "custom_alphabet": "АБВГДЕЁЖЗИЙКЛМНОПРСТУФХЦЧШЩЪЫЬЭЮЯ -", 
            "deshearer": "mixangler/common.json", 
            "recstr": ":/recstr/rus.birth_certificate__bplace_recstr.json"
          }, 
          "type": "common"
        }
      }, 
      "mother_birth_year": {
        "scale": 1.8, 
        "workflow": {
          "mclass": "FieldProcessingWorkflow", 
          "settings": {
            "custom_alphabet": "0123456789 .-", 
            "deshearer": ":/mixangler/dummy_deshearer.json", 
            "recstr": ":/recstr/001__n0057_recstr.json"
          }, 
          "type": "common"
        }
      }, 
      "mother_ethnicity": {
        "scale": 1.8, 
        "workflow": {
          "mclass": "FieldProcessingWorkflow", 
          "settings": {
            "custom_alphabet": "АБВГДЕЁЖЗИЙКЛМНОПРСТУФХЦЧШЩЪЫЬЭЮЯ -", 
            "deshearer": "mixangler/common.json", 
            "recstr": ":/recstr/rus.birth_certificate__bplace_recstr.json"
          }, 
          "type": "common"
        }
      }, 
      "mother_name_and_patronymic": {
        "scale": 1.8, 
        "workflow": {
          "mclass": "FieldProcessingWorkflow", 
          "settings": {
            "custom_alphabet": " -АБВГДЕЁЖЗИЙКЛМНОПРСТУФХЦЧШЩЪЫЬЭЮЯ", 
            "deshearer": "mixangler/common.json", 
            "recstr": ":/recstr/rus.birth_certificate__bplace_recstr.json"
          }, 
          "type": "common"
        }
      }, 
      "mother_nationality": {
        "scale": 1.8, 
        "workflow": {
          "mclass": "FieldProcessingWorkflow", 
          "settings": {
            "custom_alphabet": " -АБВГДЕЁЖЗИЙКЛМНОПРСТУФХЦЧШЩЪЫЬЭЮЯ", 
            "deshearer": "mixangler/common.json", 
            "recstr": ":/recstr/rus.birth_certificate__bplace_recstr.json"
          }, 
          "type": "common"
        }
      }, 
      "mother_surname": {
        "scale": 1.8, 
        "workflow": {
          "mclass": "FieldProcessingWorkflow", 
          "settings": {
            "custom_alphabet": " -АБВГДЕЁЖЗИЙКЛМНОПРСТУФХЦЧШЩЪЫЬЭЮЯ", 
            "deshearer": "mixangler/common.json", 
            "recstr": ":/recstr/rus.birth_certificate__bplace_recstr.json"
          }, 
          "type": "common"
        }
      }, 
      "name_and_patronymic": {
        "scale": 1.8, 
        "workflow": {
          "mclass": "FieldProcessingWorkflow", 
          "settings": {
            "custom_alphabet": " -АБВГДЕЁЖЗИЙКЛМНОПРСТУФХЦЧШЩЪЫЬЭЮЯ", 
            "deshearer": "mixangler/common.json", 
            "recstr": ":/recstr/rus.birth_certificate__bplace_recstr.json"
          }, 
          "type": "common"
        }
      }, 
      "number": {
        "scale": 1.6, 
        "workflow": {
          "mclass": "FieldProcessingWorkflow", 
          "settings": {
            "deshearer": ":/mixangler/dummy_deshearer.json", 
            "recstr": ":/recstr/001__n0015_recstr.json"
          }, 
          "type": "common"
        }
      }, 
      "series": {
        "scale": 1.6, 
        "workflow": {
          "mclass": "FieldProcessingWorkflow", 
          "settings": {
            "custom_alphabet": "АБВГДЕЁЖЗИЙКЛМНОПРСТУФХЦЧШЩЪЫЭЮЯ -IVLD", 
            "deshearer": ":/mixangler/dummy_deshearer.json", 
            "recstr": ":/recstr/rus.birth_certificate__prefix_recstr.json"
          }, 
          "type": "common"
        }
      }, 
      "signature": {
        "workflow": {"mclass": "FieldProcessingWorkflow", "settings": {}, "type": "image"}
      }, 
      "surname": {
        "scale": 1.8, 
        "workflow": {
          "mclass": "FieldProcessingWorkflow", 
          "settings": {
            "custom_alphabet": " -АБВГДЕЁЖЗИЙКЛМНОПРСТУФХЦЧШЩЪЫЬЭЮЯ", 
            "deshearer": "mixangler/common.json", 
            "recstr": ":/recstr/rus.birth_certificate__bplace_recstr.json"
          }, 
          "type": "common"
        }
      }
    }, 
    "formatters": [
      {
        "formatter": ":/postprocessor/punctuation_filter.json", 
        "input_fields": ["issue_day"]
      }, 
      {
        "formatter": ":/postprocessor/punctuation_filter.json", 
        "input_fields": ["issue_day_2"]
      }, 
      {
        "formatter": ":/postprocessor/punctuation_filter.json", 
        "input_fields": ["father_birth_day"]
      }, 
      {
        "formatter": ":/postprocessor/punctuation_filter.json", 
        "input_fields": ["mother_birth_day"]
      }, 
      {
        "formatter": ":/postprocessor/punctuation_filter.json", 
        "input_fields": ["issue_month"]
      }, 
      {
        "formatter": ":/postprocessor/punctuation_filter.json", 
        "input_fields": ["issue_month_2"]
      }, 
      {
        "formatter": ":/postprocessor/punctuation_filter.json", 
        "input_fields": ["father_birth_month"]
      }, 
      {
        "formatter": ":/postprocessor/punctuation_filter.json", 
        "input_fields": ["mother_birth_month"]
      }, 
      {
        "formatter": ":/postprocessor/punctuation_filter.json", 
        "input_fields": ["issue_year"]
      }, 
      {
        "formatter": ":/postprocessor/punctuation_filter.json", 
        "input_fields": ["issue_year_2"]
      }, 
      {
        "formatter": ":/postprocessor/punctuation_filter.json", 
        "input_fields": ["father_birth_year"]
      }, 
      {
        "formatter": ":/postprocessor/punctuation_filter.json", 
        "input_fields": ["mother_birth_year"]
      }, 
      {
        "formatter": ":/postprocessor/punctuation_filter.json", 
        "input_fields": ["issue_day_2"]
      }, 
      {
        "formatter": ":/postprocessor/punctuation_filter.json", 
        "input_fields": ["issue_month_2"]
      }, 
      {
        "formatter": ":/postprocessor/punctuation_filter.json", 
        "input_fields": ["issue_year_2"]
      }, 
      {"formatter": ":/postprocessor/spaces_filter.json", "input_fields": ["series"]}, 
      {
        "formatter": ":/postprocessor/punctuation_filter.json", 
        "input_fields": ["number"]
      }, 
      {
        "allow_incomplete_inputs": true, 
        "formatter": {
          "mclass": "Postprocessor", 
          "settings": {
            "input_fields_sequence": [
              "birth_place_line1", 
              "birth_place_line2", 
              "birth_place_line3"
            ], 
            "output_field": "birth_place", 
            "separator": " "
          }, 
          "type": "merge"
        }, 
        "input_fields": ["birth_place_line1", "birth_place_line2", "birth_place_line3"], 
        "output_fields": ["birth_place"]
      }, 
      {
        "allow_incomplete_inputs": true, 
        "formatter": {
          "mclass": "Postprocessor", 
          "settings": {
            "input_fields_sequence": [
              "authority_line1", 
              "authority_line2", 
              "authority_line3"
            ], 
            "output_field": "authority", 
            "separator": " "
          }, 
          "type": "merge"
        }, 
        "input_fields": ["authority_line1", "authority_line2", "authority_line3"], 
        "output_fields": ["authority"]
      }, 
      {
        "allow_incomplete_inputs": true, 
        "formatter": {
          "mclass": "Postprocessor", 
          "settings": {
            "input_fields_sequence": [
              "issue_place_line1", 
              "issue_place_line2", 
              "issue_place_line3"
            ], 
            "output_field": "issue_place", 
            "separator": " "
          }, 
          "type": "merge"
        }, 
        "input_fields": ["issue_place_line1", "issue_place_line2", "issue_place_line3"], 
        "output_fields": ["issue_place"]
      }
    ], 
    "image_integrators": {"__default__": ":/integrator/default_image_integrator.json"}, 
    "integrators": {
      "__default__": ":/integrator/default_rover_integrator.json", 
      "barcode": ":/integrator/default_barcode_integrator.json", 
      "birth_date": ":/integrator/default_token_integrator.json", 
      "issue_day": ":/integrator/default_token_integrator.json", 
      "issue_year": ":/integrator/default_token_integrator.json", 
      "number": ":/integrator/default_token_integrator.json", 
      "series": ":/integrator/default_token_integrator.json"
    }, 
    "size": [1600, 2220], 
    "zones": {
      "barcode": {
        "rect": [0, 0, 500, 500], 
        "workflow": ":/docs/barcode/barcode_zone_processor.json"
      }, 
      "issue_date2_zone": {
        "rect": [466, 1798, 787, 123], 
        "workflow": {
          "mclass": "ZoneProcessingWorkflow", 
          "settings": {"vertsgm": "vertsgm/type2_issue_date2_zone.json"}, 
          "type": "common"
        }
      }, 
      "issue_date_father_zone": {
        "rect": [109, 747, 1386, 399], 
        "workflow": {
          "mclass": "ZoneProcessingWorkflow", 
          "settings": {"vertsgm": "vertsgm/type2_issue_date_father_zone.json"}, 
          "type": "common"
        }
      }, 
      "mother_authority_zone": {
        "rect": [109, 1108, 1386, 595], 
        "workflow": {
          "mclass": "ZoneProcessingWorkflow", 
          "settings": {"vertsgm": "vertsgm/type2_mother_authority_zone.json"}, 
          "type": "common"
        }
      }, 
      "name_birth_place_zone": {
        "rect": [109, 385, 1386, 378], 
        "workflow": {
          "mclass": "ZoneProcessingWorkflow", 
          "settings": {"vertsgm": "vertsgm/type2_name_birth_place_zone.json"}, 
          "type": "common"
        }
      }, 
      "number_zone": {
        "rect": [466, 1958, 633, 179], 
        "workflow": {
          "mclass": "ZoneProcessingWorkflow", 
          "settings": {"vertsgm": "vertsgm/type2_number_zone.json"}, 
          "type": "common"
        }
      }, 
      "sign_zone": {
        "rect": [593, 1852, 323, 180], 
        "workflow": ":/signature_retriever/signature_retriever.json"
      }
    }
  }
}