{
  "rus.birth_certificate.type1:front": {
    "config": "templates/rus.birth_certificate.type1.front.common.json", 
    "expected_fields": [
      "surname", 
      "issue_year", 
      "series", 
      "issue_day", 
      "issue_month", 
      "number", 
      "name_and_patronymic", 
      "birth_date"
    ], 
    "field_group_preprocessors": {
      "date_deshearer": {
        "workflow": {
          "mclass": "FieldGroupProcessingWorkflow", 
          "settings": {
            "deshearer": "mixangler/common.json", 
            "group_name": "dates", 
            "input_fields": ["issue_month", "issue_month_2", "issue_year", "birth_date"], 
            "min_fields_count": 2
          }, 
          "type": "deshearer"
        }
      }, 
      "fullname_deshearer": {
        "workflow": {
          "mclass": "FieldGroupProcessingWorkflow", 
          "settings": {
            "deshearer": "mixangler/common.json", 
            "group_name": "fullname", 
            "input_fields": ["name_and_patronymic", "surname"], 
            "min_fields_count": 1
          }, 
          "type": "deshearer"
        }
      }
    }, 
    "fields": {
      "act_number": {
        "scale": 1.4, 
        "workflow": {
          "mclass": "FieldProcessingWorkflow", 
          "settings": {
            "custom_alphabet": " ./0123456789", 
            "deshearer": "mixangler/common.json", 
            "recstr": ":/recstr/001__n0038_recstr.json"
          }, 
          "type": "common"
        }
      }, 
      "authority_line1": {
        "scale": 1.5, 
        "workflow": {
          "mclass": "FieldProcessingWorkflow", 
          "settings": {
            "custom_alphabet": "АБВГДЕЁЖЗИЙКЛМНОПРСТУФХЦЧШЩЪЫЬЭЮЯ. -,", 
            "deshearer": "mixangler/common.json", 
            "recstr": ":/recstr/rus.birth_certificate__bplace_recstr.json"
          }, 
          "type": "common"
        }
      }, 
      "authority_line2": {
        "scale": 1.5, 
        "workflow": {
          "mclass": "FieldProcessingWorkflow", 
          "settings": {
            "custom_alphabet": "АБВГДЕЁЖЗИЙКЛМНОПРСТУФХЦЧШЩЪЫЬЭЮЯ. -,", 
            "deshearer": "mixangler/common.json", 
            "recstr": ":/recstr/rus.birth_certificate__bplace_recstr.json"
          }, 
          "type": "common"
        }
      }, 
      "authority_line3": {
        "scale": 1.5, 
        "workflow": {
          "mclass": "FieldProcessingWorkflow", 
          "settings": {
            "custom_alphabet": "АБВГДЕЁЖЗИЙКЛМНОПРСТУФХЦЧШЩЪЫЬЭЮЯ. -,", 
            "deshearer": "mixangler/common.json", 
            "recstr": ":/recstr/rus.birth_certificate__bplace_recstr.json"
          }, 
          "type": "common"
        }
      }, 
      "birth_date": {
        "scale": 1.2, 
        "workflow": {
          "mclass": "FieldProcessingWorkflow", 
          "settings": {
            "custom_alphabet": " ./0123456789", 
            "deshearer": ":/mixangler/dummy_deshearer.json", 
            "recstr": ":/recstr/001__n0038_recstr.json"
          }, 
          "type": "common"
        }
      }, 
      "birth_date_line1": {
        "scale": 1.4, 
        "workflow": {
          "mclass": "FieldProcessingWorkflow", 
          "settings": {
            "custom_alphabet": "АБВГДЕЁЖЗИЙКЛМНОПРСТУФХЦЧШЩЪЫЬЭЮЯ -", 
            "deshearer": "mixangler/common.json", 
            "recstr": ":/recstr/rus.birth_certificate__bplace_recstr.json"
          }, 
          "type": "common"
        }
      }, 
      "birth_date_line2": {
        "scale": 1.4, 
        "workflow": {
          "mclass": "FieldProcessingWorkflow", 
          "settings": {
            "custom_alphabet": "АБВГДЕЁЖЗИЙКЛМНОПРСТУФХЦЧШЩЪЫЬЭЮЯ -", 
            "deshearer": "mixangler/common.json", 
            "recstr": ":/recstr/rus.birth_certificate__bplace_recstr.json"
          }, 
          "type": "common"
        }
      }, 
      "birth_place_line1": {
        "scale": 1.5, 
        "workflow": {
          "mclass": "FieldProcessingWorkflow", 
          "settings": {
            "custom_alphabet": "АБВГДЕЁЖЗИЙКЛМНОПРСТУФХЦЧШЩЪЫЬЭЮЯ. -,", 
            "deshearer": "mixangler/common.json", 
            "recstr": ":/recstr/rus.birth_certificate__bplace_recstr.json"
          }, 
          "type": "common"
        }
      }, 
      "birth_place_line2": {
        "scale": 1.5, 
        "workflow": {
          "mclass": "FieldProcessingWorkflow", 
          "settings": {
            "custom_alphabet": "АБВГДЕЁЖЗИЙКЛМНОПРСТУФХЦЧШЩЪЫЬЭЮЯ. -,", 
            "deshearer": "mixangler/common.json", 
            "recstr": ":/recstr/rus.birth_certificate__bplace_recstr.json"
          }, 
          "type": "common"
        }
      }, 
      "birth_place_line3": {
        "scale": 1.5, 
        "workflow": {
          "mclass": "FieldProcessingWorkflow", 
          "settings": {
            "custom_alphabet": "АБВГДЕЁЖЗИЙКЛМНОПРСТУФХЦЧШЩЪЫЬЭЮЯ. -", 
            "deshearer": "mixangler/common.json", 
            "recstr": ":/recstr/rus.birth_certificate__bplace_recstr.json"
          }, 
          "type": "common"
        }
      }, 
      "father_ethnicity": {
        "scale": 1.5, 
        "workflow": {
          "mclass": "FieldProcessingWorkflow", 
          "settings": {
            "custom_alphabet": " -АБВГДЕЁЖЗИЙКЛМНОПРСТУФХЦЧШЩЪЫЬЭЮЯ", 
            "deshearer": "mixangler/common.json", 
            "recstr": ":/recstr/rus.birth_certificate__bplace_recstr.json"
          }, 
          "type": "common"
        }
      }, 
      "father_name_and_patronymic": {
        "scale": 1.5, 
        "workflow": {
          "mclass": "FieldProcessingWorkflow", 
          "settings": {
            "custom_alphabet": " -АБВГДЕЁЖЗИЙКЛМНОПРСТУФХЦЧШЩЪЫЬЭЮЯ", 
            "deshearer": "mixangler/common.json", 
            "recstr": ":/recstr/rus.birth_certificate__bplace_recstr.json"
          }, 
          "type": "common"
        }
      }, 
      "father_nationality": {
        "scale": 1.5, 
        "workflow": {
          "mclass": "FieldProcessingWorkflow", 
          "settings": {
            "custom_alphabet": " -АБВГДЕЁЖЗИЙКЛМНОПРСТУФХЦЧШЩЪЫЬЭЮЯ", 
            "deshearer": "mixangler/common.json", 
            "recstr": ":/recstr/rus.birth_certificate__bplace_recstr.json"
          }, 
          "type": "common"
        }
      }, 
      "father_surname": {
        "scale": 1.5, 
        "workflow": {
          "mclass": "FieldProcessingWorkflow", 
          "settings": {
            "custom_alphabet": " -АБВГДЕЁЖЗИЙКЛМНОПРСТУФХЦЧШЩЪЫЬЭЮЯ", 
            "deshearer": "mixangler/common.json", 
            "recstr": ":/recstr/rus.birth_certificate__bplace_recstr.json"
          }, 
          "type": "common"
        }
      }, 
      "issue_day": {
        "scale": 1.4, 
        "workflow": {
          "mclass": "FieldProcessingWorkflow", 
          "settings": {
            "custom_alphabet": "0123456789 .-", 
            "deshearer": "mixangler/common.json", 
            "recstr": ":/recstr/001__n0057_recstr.json"
          }, 
          "type": "common"
        }
      }, 
      "issue_day_2": {
        "scale": 1.4, 
        "workflow": {
          "mclass": "FieldProcessingWorkflow", 
          "settings": {
            "custom_alphabet": "0123456789 .-", 
            "deshearer": "mixangler/common.json", 
            "recstr": ":/recstr/001__n0057_recstr.json"
          }, 
          "type": "common"
        }
      }, 
      "issue_month": {
        "scale": 1.6, 
        "workflow": {
          "mclass": "FieldProcessingWorkflow", 
          "settings": {
            "custom_alphabet": " -АБВГДЕЁЖЗИЙКЛМНОПРСТУФХЦЧШЩЪЫЬЭЮЯ", 
            "deshearer": ":/mixangler/dummy_deshearer.json", 
            "recstr": ":/recstr/rus.birth_certificate__bplace_recstr.json"
          }, 
          "type": "common"
        }
      }, 
      "issue_month_2": {
        "scale": 1.6, 
        "workflow": {
          "mclass": "FieldProcessingWorkflow", 
          "settings": {
            "custom_alphabet": " -АБВГДЕЁЖЗИЙКЛМНОПРСТУФХЦЧШЩЪЫЬЭЮЯ", 
            "deshearer": ":/mixangler/dummy_deshearer.json", 
            "recstr": ":/recstr/rus.birth_certificate__bplace_recstr.json"
          }, 
          "type": "common"
        }
      }, 
      "issue_year": {
        "scale": 1.4, 
        "workflow": {
          "mclass": "FieldProcessingWorkflow", 
          "settings": {
            "custom_alphabet": "0123456789 .-", 
            "deshearer": ":/mixangler/dummy_deshearer.json", 
            "recstr": ":/recstr/001__n0057_recstr.json"
          }, 
          "type": "common"
        }
      }, 
      "issue_year_2": {
        "scale": 1.4, 
        "workflow": {
          "mclass": "FieldProcessingWorkflow", 
          "settings": {
            "custom_alphabet": "0123456789 .-", 
            "deshearer": ":/mixangler/dummy_deshearer.json", 
            "recstr": ":/recstr/001__n0057_recstr.json"
          }, 
          "type": "common"
        }
      }, 
      "mother_ethnicity": {
        "scale": 1.5, 
        "workflow": {
          "mclass": "FieldProcessingWorkflow", 
          "settings": {
            "custom_alphabet": " -АБВГДЕЁЖЗИЙКЛМНОПРСТУФХЦЧШЩЪЫЬЭЮЯ", 
            "deshearer": "mixangler/common.json", 
            "recstr": ":/recstr/rus.birth_certificate__bplace_recstr.json"
          }, 
          "type": "common"
        }
      }, 
      "mother_name_and_patronymic": {
        "scale": 1.5, 
        "workflow": {
          "mclass": "FieldProcessingWorkflow", 
          "settings": {
            "custom_alphabet": " -АБВГДЕЁЖЗИЙКЛМНОПРСТУФХЦЧШЩЪЫЬЭЮЯ", 
            "deshearer": "mixangler/common.json", 
            "recstr": ":/recstr/rus.birth_certificate__bplace_recstr.json"
          }, 
          "type": "common"
        }
      }, 
      "mother_nationality": {
        "scale": 1.5, 
        "workflow": {
          "mclass": "FieldProcessingWorkflow", 
          "settings": {
            "custom_alphabet": " -АБВГДЕЁЖЗИЙКЛМНОПРСТУФХЦЧШЩЪЫЬЭЮЯ", 
            "deshearer": "mixangler/common.json", 
            "recstr": ":/recstr/rus.birth_certificate__bplace_recstr.json"
          }, 
          "type": "common"
        }
      }, 
      "mother_surname": {
        "scale": 1.5, 
        "workflow": {
          "mclass": "FieldProcessingWorkflow", 
          "settings": {
            "custom_alphabet": " -АБВГДЕЁЖЗИЙКЛМНОПРСТУФХЦЧШЩЪЫЬЭЮЯ", 
            "deshearer": "mixangler/common.json", 
            "recstr": ":/recstr/rus.birth_certificate__bplace_recstr.json"
          }, 
          "type": "common"
        }
      }, 
      "name_and_patronymic": {
        "scale": 1.5, 
        "workflow": {
          "mclass": "FieldProcessingWorkflow", 
          "settings": {
            "custom_alphabet": " -АБВГДЕЁЖЗИЙКЛМНОПРСТУФХЦЧШЩЪЫЬЭЮЯ", 
            "deshearer": ":/mixangler/dummy_deshearer.json", 
            "recstr": ":/recstr/rus.birth_certificate__bplace_recstr.json"
          }, 
          "type": "common"
        }
      }, 
      "number": {
        "scale": 1.3, 
        "workflow": {
          "mclass": "FieldProcessingWorkflow", 
          "settings": {
            "deshearer": ":/mixangler/dummy_deshearer.json", 
            "recstr": ":/recstr/001__n0015_recstr.json"
          }, 
          "type": "common"
        }
      }, 
      "series": {
        "scale": 1.3, 
        "workflow": {
          "mclass": "FieldProcessingWorkflow", 
          "settings": {
            "custom_alphabet": "АБВГДЕЁЖЗИЙКЛМНОПРСТУФХЦЧШЩЪЫЭЮЯ -IVLD", 
            "deshearer": ":/mixangler/dummy_deshearer.json", 
            "recstr": ":/recstr/rus.birth_certificate__prefix_recstr.json"
          }, 
          "type": "common"
        }
      }, 
      "signature": {
        "workflow": {"mclass": "FieldProcessingWorkflow", "settings": {}, "type": "image"}
      }, 
      "surname": {
        "scale": 1.5, 
        "workflow": {
          "mclass": "FieldProcessingWorkflow", 
          "settings": {
            "custom_alphabet": " -АБВГДЕЁЖЗИЙКЛМНОПРСТУФХЦЧШЩЪЫЬЭЮЯ", 
            "deshearer": ":/mixangler/dummy_deshearer.json", 
            "recstr": ":/recstr/rus.birth_certificate__bplace_recstr.json"
          }, 
          "type": "common"
        }
      }
    }, 
    "formatters": [
      {
        "formatter": ":/postprocessor/punctuation_filter.json", 
        "input_fields": ["issue_day"]
      }, 
      {
        "formatter": ":/postprocessor/punctuation_filter.json", 
        "input_fields": ["issue_month"]
      }, 
      {
        "formatter": ":/postprocessor/punctuation_filter.json", 
        "input_fields": ["issue_year"]
      }, 
      {
        "formatter": ":/postprocessor/punctuation_filter.json", 
        "input_fields": ["issue_day_2"]
      }, 
      {
        "formatter": ":/postprocessor/punctuation_filter.json", 
        "input_fields": ["issue_month_2"]
      }, 
      {
        "formatter": ":/postprocessor/punctuation_filter.json", 
        "input_fields": ["issue_year_2"]
      }, 
      {"formatter": ":/postprocessor/spaces_filter.json", "input_fields": ["series"]}, 
      {
        "formatter": ":/postprocessor/punctuation_filter.json", 
        "input_fields": ["number"]
      }, 
      {
        "formatter": ":/postprocessor/date/default_birth_date_DDMMYYYY_formatter.json", 
        "input_fields": ["birth_date"]
      }, 
      {
        "allow_incomplete_inputs": true, 
        "formatter": {
          "mclass": "Postprocessor", 
          "settings": {
            "input_fields_sequence": ["birth_date_line1", "birth_date_line2"], 
            "output_field": "birth_date_full", 
            "separator": " "
          }, 
          "type": "merge"
        }, 
        "input_fields": ["birth_date_line1", "birth_date_line2"], 
        "output_fields": ["birth_date_full"]
      }, 
      {
        "allow_incomplete_inputs": true, 
        "formatter": {
          "mclass": "Postprocessor", 
          "settings": {
            "input_fields_sequence": [
              "birth_place_line1", 
              "birth_place_line2", 
              "birth_place_line3"
            ], 
            "output_field": "birth_place", 
            "separator": " "
          }, 
          "type": "merge"
        }, 
        "input_fields": ["birth_place_line1", "birth_place_line2", "birth_place_line3"], 
        "output_fields": ["birth_place"]
      }, 
      {
        "allow_incomplete_inputs": true, 
        "formatter": {
          "mclass": "Postprocessor", 
          "settings": {
            "input_fields_sequence": [
              "authority_line1", 
              "authority_line2", 
              "authority_line3"
            ], 
            "output_field": "authority", 
            "separator": " "
          }, 
          "type": "merge"
        }, 
        "input_fields": ["authority_line1", "authority_line2", "authority_line3"], 
        "output_fields": ["authority"]
      }
    ], 
    "image_integrators": {"__default__": ":/integrator/default_image_integrator.json"}, 
    "integrators": {
      "__default__": ":/integrator/default_rover_integrator.json", 
      "birth_date": ":/integrator/default_token_integrator.json", 
      "issue_day": ":/integrator/default_token_integrator.json", 
      "issue_year": ":/integrator/default_token_integrator.json", 
      "number": ":/integrator/default_token_integrator.json", 
      "series": ":/integrator/default_token_integrator.json"
    }, 
    "size": [1778, 2466], 
    "zones": {
      "act_zone": {
        "rect": [145, 1082, 1475, 170], 
        "workflow": {
          "mclass": "ZoneProcessingWorkflow", 
          "settings": {"vertsgm": "vertsgm/type1_box_act_zone1_with_dp.json"}, 
          "type": "common"
        }
      }, 
      "authority_zone": {
        "rect": [145, 1733, 1550, 310], 
        "workflow": {
          "mclass": "ZoneProcessingWorkflow", 
          "settings": {"vertsgm": "vertsgm/type1_box_authority_zone1_with_dp.json"}, 
          "type": "common"
        }
      }, 
      "father_zone": {
        "rect": [145, 1216, 1475, 300], 
        "workflow": {
          "mclass": "ZoneProcessingWorkflow", 
          "settings": {"vertsgm": "vertsgm/type1_box_father_zone1_with_dp.json"}, 
          "type": "common"
        }
      }, 
      "mother_zone": {
        "rect": [145, 1477, 1475, 280], 
        "workflow": {
          "mclass": "ZoneProcessingWorkflow", 
          "settings": {"vertsgm": "vertsgm/type1_box_mother_zone1_with_dp.json"}, 
          "type": "common"
        }
      }, 
      "name_zone": {
        "rect": [145, 535, 1475, 600], 
        "workflow": {
          "mclass": "ZoneProcessingWorkflow", 
          "settings": {"vertsgm": "vertsgm/type1_box_name_zone1_with_dp.json"}, 
          "type": "common"
        }
      }, 
      "number_zone": {
        "rect": [565, 2170, 660, 170], 
        "workflow": {
          "mclass": "ZoneProcessingWorkflow", 
          "settings": {"vertsgm": "vertsgm/type1_box_data_zone2_with_dp.json"}, 
          "type": "common"
        }
      }, 
      "sign_zone": {
        "rect": [1005, 2045, 415, 200], 
        "workflow": ":/signature_retriever/signature_retriever.json"
      }
    }
  }
}