{
  "rus.death_certificate.type1": {
    "(documentation)": {
      "description": "Russian Death Certificate (Russia's coat of arms on the top)", 
      "name": "Russian Death Certificate"
    },
    "expected_templates": ["rus.death_certificate.type1:main"], 
    "output_fields": [
      "number", 
      "series", 
      "birth_day", 
      "birth_month", 
      "birth_year", 
      "birth_date", 
      "surname", 
      "name_and_patronymic", 
      "name", 
      "patronymic", 
      "death_date", 
      "issue_day", 
      "issue_month", 
      "issue_year", 
      "issue_date"
    ], 
    "postprocessors": [
      {
        "input_fields": ["series"], 
        "postprocessor": "postprocessors/prefix_postprocessor.json"
      }, 
      {
        "input_fields": ["number"], 
        "postprocessor": ":/postprocessor/alphabet/digits_only_number_6_postprocessor.json"
      }, 
      {
        "input_fields": ["name_and_patronymic"], 
        "output_fields": ["name", "patronymic"], 
        "postprocessor": "postprocessors/name_and_patronymic_separator.json"
      }, 
      {
        "input_fields": ["name"], 
        "postprocessor": ":/postprocessor/rus/name_postprocessor.json"
      }, 
      {
        "input_fields": ["patronymic"], 
        "postprocessor": ":/postprocessor/rus/patronymic_postprocessor.json"
      }, 
      {
        "input_fields": ["surname"], 
        "postprocessor": ":/postprocessor/rus/surname_postprocessor.json"
      }, 
      {
        "input_fields": ["birth_day", "birth_month", "birth_year"], 
        "output_fields": ["birth_day", "birth_month", "birth_year", "birth_date"], 
        "postprocessor": "postprocessors/birth_date_postprocessor.json"
      }, 
      {
        "input_fields": ["issue_day", "issue_month", "issue_year"], 
        "output_fields": ["issue_day", "issue_month", "issue_year", "issue_date"], 
        "postprocessor": "postprocessors/issue_date_postprocessor.json"
      }, 
      {
        "input_fields": ["death_date"], 
        "postprocessor": ":/postprocessor/date/default_issue_date_DDMMYYYY_postprocessor.json"
      }
    ], 
    "rejectors": {"__default__": ":/rejector/default_loyal_rejector.json"}, 
    "templates": {
      "rus.death_certificate.type1:main": {
        "path": "tpl__rus.death_certificate.type1.main_certificate.type1.json"
      }
    }
  }
}