{
  "mclass": "Postprocessor", 
  "settings": {
    "dictionary": {
      "data": [
        "|ЯНВАРЯ|", 
        "|ФЕВРАЛЯ|", 
        "|МАРТА|", 
        "|АПРЕЛЯ|", 
        "|МАЯ|", 
        "|ИЮНЯ|", 
        "|ИЮЛЯ|", 
        "|АВГУСТА|", 
        "|СЕНТЯБРЯ|", 
        "|ОКТЯБРЯ|", 
        "|НОЯБРЯ|", 
        "|ДЕКАБРЯ|", 
        "|ПЕРВОГО|", 
        "|ВТОРОГО|", 
        "|ТРЕТЬЕГО|", 
        "|ЧЕТВЕРТОГО|", 
        "|ПЯТОГО|", 
        "|ШЕСТОГО|", 
        "|СЕДЬМОГО|", 
        "|ВОСЬМОГО|", 
        "|ДЕВЯТОГО|", 
        "|ДЕСЯТОГО|", 
        "|ОДИННАДЦАТОГО|", 
        "|ДВЕНАДЦАТОГО|", 
        "|ТРИНАДЦАТОГО|", 
        "|ЧЕТЫРНАДЦАТОГО|", 
        "|ПЯТНАДЦАТОГО|", 
        "|ШЕСТНАДЦАТОГО|", 
        "|СЕМНАДЦАТОГО|", 
        "|ВОСЕМНАДЦАТОГО|", 
        "|ДЕВЯТНАДЦАТОГО|", 
        "|ДВАДЦАТОГО|", 
        "|ДВАДЦАТЬ|ПЕРВОГО|", 
        "|ДВАДЦАТЬ|ВТОРОГО|", 
        "|ДВАДЦАТЬ|ТРЕТЬЕГО|", 
        "|ДВАДЦАТЬ|ЧЕТВЕРТОГО|", 
        "|ДВАДЦАТЬ|ПЯТОГО|", 
        "|ДВАДЦАТЬ|ШЕСТОГО|", 
        "|ДВАДЦАТЬ|СЕДЬМОГО|", 
        "|ДВАДЦАТЬ|ВОСЬМОГО|", 
        "|ДВАДЦАТЬ|ДЕВЯТОГО|", 
        "|ТРИДЦАТОГО|", 
        "|ТРИДЦАТЬ|ПЕРВОГО|", 
        "|ДВЕ|ТЫСЯЧИ|ТРИДЦАТОГО|ГОДА|", 
        "|ДВЕ|ТЫСЯЧИ|ДВАДЦАТЬ|ДЕВЯТОГО|ГОДА|", 
        "|ДВЕ|ТЫСЯЧИ|ДВАДЦАТЬ|ВОСЬМОГО|ГОДА|", 
        "|ДВЕ|ТЫСЯЧИ|ДВАДЦАТЬ|СЕДЬМОГО|ГОДА|", 
        "|ДВЕ|ТЫСЯЧИ|ДВАДЦАТЬ|ШЕСТОГО|ГОДА|", 
        "|ДВЕ|ТЫСЯЧИ|ДВАДЦАТЬ|ПЯТОГО|ГОДА|", 
        "|ДВЕ|ТЫСЯЧИ|ДВАДЦАТЬ|ЧЕТВЕРТОГО|ГОДА|", 
        "|ДВЕ|ТЫСЯЧИ|ДВАДЦАТЬ|ТРЕТЬЕГО|ГОДА|", 
        "|ДВЕ|ТЫСЯЧИ|ДВАДЦАТЬ|ВТОРОГО|ГОДА|", 
        "|ДВЕ|ТЫСЯЧИ|ДВАДЦАТЬ|ПЕРВОГО|ГОДА|", 
        "|ДВЕ|ТЫСЯЧИ|ДВАДЦАТОГО|ГОДА|", 
        "|ДВЕ|ТЫСЯЧИ|ДЕВЯТНАДЦАТОГО|ГОДА|", 
        "|ДВЕ|ТЫСЯЧИ|ВОСЕМНАДЦАТОГО|ГОДА|", 
        "|ДВЕ|ТЫСЯЧИ|СЕМНАДЦАТОГО|ГОДА|", 
        "|ДВЕ|ТЫСЯЧИ|ШЕСТНАДЦАТОГО|ГОДА|", 
        "|ДВЕ|ТЫСЯЧИ|ПЯТНАДЦАТОГО|ГОДА|", 
        "|ДВЕ|ТЫСЯЧИ|ЧЕТЫРНАДЦАТОГО|ГОДА|", 
        "|ДВЕ|ТЫСЯЧИ|ТРИНАДЦАТОГО|ГОДА|", 
        "|ДВЕ|ТЫСЯЧИ|ДВЕНАДЦАТОГО|ГОДА|", 
        "|ДВЕ|ТЫСЯЧИ|ОДИННАДЦАТОГО|ГОДА|", 
        "|ДВЕ|ТЫСЯЧИ|ДЕСЯТОГО|ГОДА|", 
        "|ДВЕ|ТЫСЯЧИ|ДЕВЯТОГО|ГОДА|", 
        "|ДВЕ|ТЫСЯЧИ|ВОСЬМОГО|ГОДА|", 
        "|ДВЕ|ТЫСЯЧИ|СЕДЬМОГО|ГОДА|", 
        "|ДВЕ|ТЫСЯЧИ|ШЕСТОГО|ГОДА|", 
        "|ДВЕ|ТЫСЯЧИ|ПЯТОГО|ГОДА|", 
        "|ДВЕ|ТЫСЯЧИ|ЧЕТВЕРТОГО|ГОДА|", 
        "|ДВЕ|ТЫСЯЧИ|ТРЕТЬЕГО|ГОДА|", 
        "|ДВЕ|ТЫСЯЧИ|ВТОРОГО|ГОДА|", 
        "|ДВЕ|ТЫСЯЧИ|ПЕРВОГО|ГОДА|", 
        "|ГОДА|"
      ], 
      "type": "inline"
    }, 
    "levdict_search": {
      "deletion_base_penalty": 1.5, 
      "deletion_streak_penalty": 1.5, 
      "insertion_base_penalty": 1.5, 
      "insertion_streak_penalty": 1.5, 
      "max_input_confidence": 0.9, 
      "max_input_dict_weight": 0, 
      "max_levenshtein_penalty": 4.5, 
      "max_states_count": 5000, 
      "min_change_dict_weight": 0, 
      "substitution_weight": 0.6
    }, 
    "separator_replacement": "|", 
    "separator_replacement_confidence": 1.0, 
    "separators_alphabet": " ", 
    "substring_confidence_threshold": 10.99, 
    "substring_overlap_wing": 0, 
    "substring_penalty_threshold": 0.5
  }, 
  "type": "levdict_substring"
}