{
  "mclass": "Postprocessor", 
  "settings": {
    "deletion_base_penalty": 1.0, 
    "deletion_streak_penalty": 1.0, 
    "dictionary": {
      "data": ["ГРАЖДАНИН РОССИИ", "ГРАЖДАНИН РОССИЙСКОЙ ФЕДЕРАЦИИ"], 
      "type": "inline"
    }, 
    "insertion_base_penalty": 1.0, 
    "insertion_streak_penalty": 1.0, 
    "max_input_confidence": 1.0, 
    "max_input_dict_weight": 0, 
    "max_levenshtein_penalty": 3.0, 
    "max_states_count": 12, 
    "min_change_dict_weight": 0, 
    "substitution_weight": 0.9
  }, 
  "type": "levdict"
}