{
  "mclass": "Postprocessor", 
  "settings": {
    "deletion_base_penalty": 0.7, 
    "deletion_streak_penalty": 0.8, 
    "dictionary": {
      "data": ":/postprocessor/dict/pfr/levdict_patronymic_short.dict", 
      "type": "file"
    }, 
    "insertion_base_penalty": 1.0, 
    "insertion_streak_penalty": 1.0, 
    "max_input_confidence": 0.996, 
    "max_input_dict_weight": 50, 
    "max_levenshtein_penalty": 2.0, 
    "max_states_count": 4000, 
    "min_change_dict_weight": 100, 
    "substitution_weight": 0.55
  }, 
  "type": "levdict"
}