{
  "mclass": "Postprocessor", 
  "settings": {
    "postprocessors": [
      {
        "mclass": "Postprocessor", 
        "settings": {
          "deletion_base_penalty": 1.0, 
          "deletion_streak_penalty": 1.0, 
          "dictionary": {
            "data": [
              "ЯНВАРЯ", 
              "ФЕВРАЛЯ", 
              "МАРТА", 
              "АПРЕЛЯ", 
              "МАЯ", 
              "ИЮНЯ", 
              "ИЮЛЯ", 
              "АВГУСТА", 
              "СЕНТЯБРЯ", 
              "ОКТЯБРЯ", 
              "НОЯБРЯ", 
              "ДЕКАБРЯ"
            ], 
            "type": "inline"
          }, 
          "insertion_base_penalty": 1.0, 
          "insertion_streak_penalty": 1.0, 
          "max_input_confidence": 1.0, 
          "max_input_dict_weight": 0, 
          "max_levenshtein_penalty": 3.0, 
          "max_states_count": 12, 
          "min_change_dict_weight": 0, 
          "substitution_weight": 0.9
        }, 
        "type": "levdict"
      }, 
      "month_replacer_postprocessor.json"
    ]
  }, 
  "type": "multisequence"
}