{
  "mclass": "Postprocessor", 
  "settings": {
    "female_value": "ЖЕН.", 
    "gender_predicted_field_alias": "gender_predicted", 
    "male_value": "МУЖ.", 
    "name_field_alias": "name", 
    "name_postprocessor": "multisequence_name_postprocessor.json", 
    "patronymic_female_ending": "НА", 
    "patronymic_field_alias": "patronymic", 
    "patronymic_male_ending": "ИЧ", 
    "patronymic_postprocessor": "multisequence_patronymic_postprocessor.json", 
    "surname_female_endings": ["ОВА"], 
    "surname_field_alias": "surname", 
    "surname_male_endings": ["ОВ", "ЕВ"], 
    "surname_postprocessor": "trigram_surname_postprocessor.json"
  }, 
  "type": "rus_name_and_patronymic_gender_predictor"
}