{
  "mclass": "Postprocessor", 
  "settings": {
    "punctuation_filter": ":/postprocessor/punctuation_filter.json", 
    "replacer_postprocessor_full": {
      "mclass": "Postprocessor", 
      "settings": {"matchs": {"IО": "Ю", "АI": "М", "ГI": "П"}}, 
      "type": "replacer"
    }, 
    "replacer_postprocessor_prefix": {
      "mclass": "Postprocessor", 
      "settings": {
        "matchs": {
          "IЛ": "V", 
          "L": "I", 
          "Е": "I", 
          "И": "II", 
          "Н": "II", 
          "П": "II", 
          "Ш": "III"
        }
      }, 
      "type": "replacer"
    }, 
    "rus_alphabet": "АБВГДЕЁЖЗИЙКЛМНОПРСТУФХЦЧШЩЪЫЬЭЮЯ"
  }, 
  "type": "rus_birth_sertificate_series"
}