{
  "mclass": "VerticalSegmentator", 
  "settings": {
    "layout": [
      {"objects": [{"name": "surname"}]}, 
      {"objects": [{"name": "name_and_patronymic"}]}, 
      {"is_optional": true}, 
      {
        "objects": [
          {"name": "birth_day"}, 
          {"name": "birth_month"}, 
          {"name": "birth_year"}
        ]
      }, 
      {"is_optional": true}, 
      {"is_optional": true}
    ], 
    "processing": {
      "autocontrast_satur_black": 0.02, 
      "autocontrast_satur_white": 0.05, 
      "background_closing_wx": 4, 
      "background_closing_wy": 4, 
      "blink_removing_percent": 0.1, 
      "deskewer": ":/mixangler/common_deskewer.json", 
      "morphology_close_wx": 1, 
      "morphology_close_wy": 5, 
      "morphology_open_wx": 20, 
      "morphology_open_wy": 1, 
      "use_angle_detector": true, 
      "use_autocontrast": true, 
      "use_background_closing": true, 
      "use_blink_removing": false, 
      "use_morphology_close": true, 
      "use_morphology_open": true, 
      "use_saturation": false
    }, 
    "settings": {
      "max_v_size": 60, 
      "min_h_gap": 60, 
      "min_h_size": 20, 
      "min_v_size": 20, 
      "step_x": 30, 
      "step_y": 20
    }
  }, 
  "type": "common"
}