[
    {
        "descriptors": [
            {
                "angle": 0,
                "path": "variants/rus_drv_type1_front_sample1_0.desc"
            },
            {
                "angle": 90,
                "path": "variants/rus_drv_type1_front_sample1_1.desc"
            },
            {
                "angle": 180,
                "path": "variants/rus_drv_type1_front_sample1_2.desc"
            },
            {
                "angle": 270,
                "path": "variants/rus_drv_type1_front_sample1_3.desc"
            }
        ],
        "keypoints": "variants/rus_drv_type1_front_sample1.txt",
        "(source)": "sources/rus_drv_type1_front_sample1.png"
    },
    {
        "descriptors": [
            {
                "angle": 0,
                "path": "variants/rus_drv_type1_front_sample2_0.desc"
            },
            {
                "angle": 90,
                "path": "variants/rus_drv_type1_front_sample2_1.desc"
            },
            {
                "angle": 180,
                "path": "variants/rus_drv_type1_front_sample2_2.desc"
            },
            {
                "angle": 270,
                "path": "variants/rus_drv_type1_front_sample2_3.desc"
            }
        ],
        "keypoints": "variants/rus_drv_type1_front_sample2.txt",
        "(source)": "sources/rus_drv_type1_front_sample2.png"
    },
    {
        "descriptors": [
            {
                "angle": 0,
                "path": "variants/rus_drv_type1_front_sample3_0.desc"
            },
            {
                "angle": 90,
                "path": "variants/rus_drv_type1_front_sample3_1.desc"
            },
            {
                "angle": 180,
                "path": "variants/rus_drv_type1_front_sample3_2.desc"
            },
            {
                "angle": 270,
                "path": "variants/rus_drv_type1_front_sample3_3.desc"
            }
        ],
        "keypoints": "variants/rus_drv_type1_front_sample3.txt",
        "(source)": "sources/rus_drv_type1_front_sample3.png"
    },
    {
        "descriptors": [
            {
                "angle": 0,
                "path": "variants/rus_drv_type1_front_sample4_0.desc"
            },
            {
                "angle": 90,
                "path": "variants/rus_drv_type1_front_sample4_1.desc"
            },
            {
                "angle": 180,
                "path": "variants/rus_drv_type1_front_sample4_2.desc"
            },
            {
                "angle": 270,
                "path": "variants/rus_drv_type1_front_sample4_3.desc"
            }
        ],
        "keypoints": "variants/rus_drv_type1_front_sample4.txt",
        "(source)": "sources/rus_drv_type1_front_sample4.png"
    },
    {
        "descriptors": [
            {
                "angle": 0,
                "path": "variants/rus_drv_type1_front_sample5_0.desc"
            },
            {
                "angle": 90,
                "path": "variants/rus_drv_type1_front_sample5_1.desc"
            },
            {
                "angle": 180,
                "path": "variants/rus_drv_type1_front_sample5_2.desc"
            },
            {
                "angle": 270,
                "path": "variants/rus_drv_type1_front_sample5_3.desc"
            }
        ],
        "keypoints": "variants/rus_drv_type1_front_sample5.txt",
        "(source)": "sources/rus_drv_type1_front_sample5.png"
    },
    {
        "descriptors": [
            {
                "angle": 0,
                "path": "variants/rus_drv_type1_front_sample6_0.desc"
            },
            {
                "angle": 90,
                "path": "variants/rus_drv_type1_front_sample6_1.desc"
            },
            {
                "angle": 180,
                "path": "variants/rus_drv_type1_front_sample6_2.desc"
            },
            {
                "angle": 270,
                "path": "variants/rus_drv_type1_front_sample6_3.desc"
            }
        ],
        "keypoints": "variants/rus_drv_type1_front_sample6.txt",
        "(source)": "sources/rus_drv_type1_front_sample6.png"
    }
]