{
  "rus.inn.entity.type2": {
    "(documentation)": {
      "description": "Russian INN (Russian emblem on the background, seal with the Russian emblem on the down-middle)", 
      "name": "Russian INN"
    }, 
    "output_fields": ["inn", "kpp", "series", "number", "ogrn"], 
    "postprocessors": [
      {
        "input_fields": ["inn"], 
        "postprocessor": ":/postprocessor/alphabet/digits_only_number_10_postprocessor.json"
      }, 
      {
        "input_fields": ["kpp"], 
        "postprocessor": ":/postprocessor/alphabet/digits_only_number_9_postprocessor.json"
      }, 
      {
        "input_fields": ["number"], 
        "postprocessor": ":/postprocessor/alphabet/digits_only_number_9_postprocessor.json"
      }, 
      {
        "input_fields": ["ogrn"], 
        "postprocessor": ":/postprocessor/alphabet/digits_only_number_13_postprocessor.json"
      }, 
      {
        "input_fields": ["series"], 
        "postprocessor": ":/postprocessor/alphabet/digits_only_number_2_postprocessor.json"
      }
    ], 
    "rejectors": {"__default__": ":/rejector/default_loyal_rejector.json"}, 
    "templates": {
      "rus.inn.entity.type2:main": {"path": "tpl__rus.inn.entity.type2.main.json"}
    }
  }
}