{
  "mclass": "VerticalSegmentator", 
  "settings": {
    "layout": [
      {"delta_height": 40, "height": 40, "line_type": "gap"}, 
      {
        "delta_height": 10, 
        "fields": [
          {"delta_width": 100, "field_type": "gap", "width": 500}, 
          {
            "cost": 1, 
            "delta_width": 100, 
            "field_name": "number", 
            "field_type": "text", 
            "is_optional": false, 
            "width": 150
          }, 
          {"delta_width": 100, "field_type": "gap", "width": 200}
        ], 
        "height": 25, 
        "line_type": "text"
      }, 
      {"delta_height": 25, "height": 50, "line_type": "gap"}, 
      {
        "delta_height": 10, 
        "fields": [
          {"delta_width": 170, "field_type": "gap", "width": 270}, 
          {
            "cost": 1, 
            "delta_width": 500, 
            "field_name": "authority_line0", 
            "field_type": "text", 
            "is_optional": false, 
            "width": 520
          }, 
          {"delta_width": 520, "field_type": "gap", "width": 520}
        ], 
        "height": 25, 
        "line_type": "text"
      }, 
      {"delta_height": 15, "height": 35, "line_type": "gap"}, 
      {
        "delta_height": 10, 
        "fields": [
          {"delta_width": 200, "field_type": "gap", "width": 200}, 
          {
            "cost": 1, 
            "delta_width": 600, 
            "field_name": "authority_line1", 
            "field_type": "text", 
            "is_optional": false, 
            "width": 630
          }, 
          {"delta_width": 630, "field_type": "gap", "width": 630}
        ], 
        "height": 25, 
        "line_type": "text"
      }, 
      {"delta_height": 15, "height": 35, "line_type": "gap"}, 
      {
        "delta_height": 10, 
        "fields": [
          {"delta_width": 200, "field_type": "gap", "width": 200}, 
          {
            "cost": 1, 
            "delta_width": 600, 
            "field_name": "authority_line2", 
            "field_type": "text", 
            "is_optional": false, 
            "width": 630
          }, 
          {"delta_width": 630, "field_type": "gap", "width": 630}
        ], 
        "height": 25, 
        "line_type": "text"
      }, 
      {"delta_height": 15, "height": 35, "line_type": "gap"}, 
      {
        "delta_height": 10, 
        "fields": [
          {"delta_width": 100, "field_type": "gap", "width": 390}, 
          {
            "cost": 1, 
            "delta_width": 100, 
            "field_name": "issue_date", 
            "field_type": "text", 
            "is_optional": false, 
            "width": 290
          }, 
          {"delta_width": 100, "field_type": "gap", "width": 100}
        ], 
        "height": 25, 
        "line_type": "text"
      }, 
      {"delta_height": 40, "height": 40, "line_type": "gap"}
    ], 
    "preprocessing": {
      "processing_steps": [
        {"settings": {"blink_removing_percent": 0.1}, "type": "blink_removing"}, 
        {
          "settings": {"background_closing_wx": 4, "background_closing_wy": 4}, 
          "type": "background_closing"
        }, 
        {
          "settings": {"morphology_open_wx": 15, "morphology_open_wy": 0}, 
          "type": "morphology_open"
        }, 
        {
          "settings": {"morphology_close_wx": 0, "morphology_close_wy": 6}, 
          "type": "morphology_close"
        }, 
        {
          "settings": {"autocontrast_satur_black": 0.02, "autocontrast_satur_white": 0.05}, 
          "type": "autocontrast"
        }, 
        {
          "settings": {"height_downscale": 1.0, "width_downscale": 1.0}, 
          "type": "angle_detection"
        }
      ], 
      "settings": {}
    }, 
    "settings": {
      "default_gap_dp_cost": 0.0, 
      "default_gap_otsu_cost": 0.7, 
      "gap_bot": 8, 
      "gap_left": 10, 
      "gap_right": 15, 
      "gap_top": 8, 
      "grid_step_x": 1, 
      "grid_step_y": 1, 
      "local_otsu_window_wing": -1, 
      "rejection_threshold": 0.15, 
      "score_type": "otsu"
    }
  }, 
  "type": "dynamic"
}