{
  "mclass": "VerticalSegmentator", 
  "settings": {
    "layout": [
      {"delta_height": 40, "height": 40, "line_type": "gap"}, 
      {
        "delta_height": 20, 
        "fields": [
          {"delta_width": 170, "field_type": "gap", "width": 270}, 
          {
            "cost": 1, 
            "delta_width": 600, 
            "field_name": "last_name", 
            "field_type": "text", 
            "is_optional": false, 
            "width": 650
          }, 
          {"delta_width": 650, "field_type": "gap", "width": 650}
        ], 
        "height": 45, 
        "line_type": "text"
      }, 
      {"delta_height": 20, "height": 45, "line_type": "gap"}, 
      {
        "delta_height": 20, 
        "fields": [
          {"delta_width": 250, "field_type": "gap", "width": 250}, 
          {
            "cost": 1, 
            "delta_width": 600, 
            "field_name": "name_and_patronymic", 
            "field_type": "text", 
            "is_optional": false, 
            "width": 650
          }, 
          {"delta_width": 650, "field_type": "gap", "width": 650}
        ], 
        "height": 45, 
        "line_type": "text"
      }, 
      {"delta_height": 30, "height": 95, "line_type": "gap"}, 
      {
        "delta_height": 20, 
        "fields": [
          {"delta_width": 100, "field_type": "gap", "width": 400}, 
          {
            "cost": 1, 
            "delta_width": 300, 
            "field_name": "registration_number", 
            "field_type": "text", 
            "is_optional": false, 
            "width": 320
          }, 
          {"delta_width": 310, "field_type": "gap", "width": 310}
        ], 
        "height": 40, 
        "line_type": "text"
      }, 
      {"delta_height": 15, "height": 25, "line_type": "gap"}, 
      {
        "delta_height": 25, 
        "fields": [
          {"delta_width": 50, "field_type": "gap", "width": 350}, 
          {
            "cost": 0.6, 
            "delta_width": 380, 
            "field_name": "constituent_entity_line0", 
            "field_type": "text", 
            "is_optional": true, 
            "width": 380
          }, 
          {"delta_width": 380, "field_type": "gap", "width": 380}
        ], 
        "height": 45, 
        "line_type": "text"
      },
      {"delta_height": 35, "height": 35, "line_type": "gap"}, 
      {
        "delta_height": 25, 
        "fields": [
          {"delta_width": 450, "field_type": "gap", "width": 450}, 
          {
            "cost": 0.6, 
            "delta_width": 650, 
            "field_name": "constituent_entity_line1", 
            "field_type": "text", 
            "is_optional": true, 
            "width": 650
          }, 
          {"delta_width": 650, "field_type": "gap", "width": 650}
        ], 
        "height": 45, 
        "line_type": "text"
      },
      {"delta_height": 35, "height": 35, "line_type": "gap"}, 
      {
        "delta_height": 25, 
        "fields": [
          {"delta_width": 450, "field_type": "gap", "width": 450}, 
          {
            "cost": 0.6, 
            "delta_width": 650, 
            "field_name": "constituent_entity_line2", 
            "field_type": "text", 
            "is_optional": true, 
            "width": 650
          }, 
          {"delta_width": 650, "field_type": "gap", "width": 650}
        ], 
        "height": 45, 
        "line_type": "text"
      },
      {"delta_height": 35, "height": 60, "line_type": "gap"}, 
      {
        "delta_height": 20, 
        "fields": [
          {"delta_width": 160, "field_type": "gap", "width": 460}, 
          {
            "cost": 1.0, 
            "delta_width": 270, 
            "field_name": "head_name", 
            "field_type": "text", 
            "is_optional": false, 
            "width": 370
          }, 
          {"delta_width": 370, "field_type": "gap", "width": 370}
        ], 
        "height": 45, 
        "line_type": "text"
      },
      {"delta_height": 80, "height": 80, "line_type": "gap"}
    ], 
    "preprocessing": {
      "processing_steps": [
        {"settings": {"blink_removing_percent": 0.1}, "type": "blink_removing"}, 
        {
          "settings": {"background_closing_wx": 4, "background_closing_wy": 4}, 
          "type": "background_closing"
        }, 
        {
          "settings": {"morphology_open_wx": 25, "morphology_open_wy": 0}, 
          "type": "morphology_open"
        }, 
        {
          "settings": {"morphology_close_wx": 0, "morphology_close_wy": 5}, 
          "type": "morphology_close"
        }, 
        {
          "settings": {"autocontrast_satur_black": 0.01, "autocontrast_satur_white": 0.05}, 
          "type": "autocontrast"
        }, 
        {
          "settings": {"height_downscale": 1.0, "width_downscale": 1.0}, 
          "type": "angle_detection"
        }
      ], 
      "settings": {}
    }, 
    "settings": {
      "default_gap_dp_cost": 0.0, 
      "default_gap_otsu_cost": 0.7, 
      "gap_bot": 8, 
      "gap_left": 10, 
      "gap_right": 20, 
      "gap_top": 8, 
      "grid_step_x": 1, 
      "grid_step_y": 1, 
      "local_otsu_window_wing": -1, 
      "rejection_threshold": 0.15, 
      "score_type": "otsu"
    }
  }, 
  "type": "dynamic"
}