{
  "mclass": "VerticalSegmentator", 
  "settings": {
    "layout": [
      {
        "objects": [
          {"name": "issue_day"}, 
          {"name": "issue_month"}, 
          {"name": "issue_year"}
        ]
      }
    ], 
    "processing": {
      "autocontrast_satur_black": 0.02, 
      "autocontrast_satur_white": 0.05, 
      "background_closing_wx": 5, 
      "background_closing_wy": 5, 
      "blink_removing_percent": 0.1, 
      "deskewer": ":/mixangler/common_deskewer.json", 
      "morphology_close_wx": 5, 
      "morphology_close_wy": 5, 
      "morphology_open_wx": 4, 
      "morphology_open_wy": 2, 
      "use_angle_detector": true, 
      "use_autocontrast": true, 
      "use_background_closing": true, 
      "use_blink_removing": false, 
      "use_morphology_close": true, 
      "use_morphology_open": true, 
      "use_rgb_channel": 2, 
      "use_saturation": false
    }, 
    "settings": {
      "max_v_size": 30, 
      "min_h_gap": 5, 
      "min_h_size": 20, 
      "min_v_size": 13, 
      "step_x": 15, 
      "step_y": 10
    }
  }, 
  "type": "common"
}