{
  "mclass": "VerticalSegmentator", 
  "settings": {
    "layout": [
      {"objects": [{"name": "rank"}]}, 
      {"objects": [{"name": "surname"}]}, 
      {"objects": [{"name": "name_and_patronymic"}]}
    ], 
    "processing": {
      "autocontrast_satur_black": 0.02, 
      "autocontrast_satur_white": 0.05, 
      "background_closing_wx": 7, 
      "background_closing_wy": 7, 
      "blink_removing_percent": 0.1, 
      "deskewer": ":/mixangler/common_deskewer.json", 
      "morphology_close_wx": 3, 
      "morphology_close_wy": 3, 
      "morphology_open_wx": 15, 
      "morphology_open_wy": 2, 
      "use_angle_detector": true, 
      "use_autocontrast": true, 
      "use_background_closing": true, 
      "use_blink_removing": false, 
      "use_morphology_close": true, 
      "use_morphology_open": true, 
      "use_rgb_channel": 0, 
      "use_saturation": false
    }, 
    "settings": {
      "max_v_size": 30, 
      "min_h_gap": 30, 
      "min_h_size": 40, 
      "min_v_size": 14, 
      "step_x": 20, 
      "step_y": 10
    }
  }, 
  "type": "common"
}