{
  "mclass": "VerticalSegmentator", 
  "settings": {
    "layout": [
      {"objects": [{"is_optional": true}, {"name": "post_line1"}]}, 
      {"is_optional": true, "objects": [{"name": "post_line2"}]}
    ], 
    "processing": {
      "autocontrast_satur_black": 0.02, 
      "autocontrast_satur_white": 0.05, 
      "background_closing_wx": 5, 
      "background_closing_wy": 5, 
      "blink_removing_percent": 0.1, 
      "deskewer": ":/mixangler/common_deskewer.json", 
      "morphology_close_wx": 3, 
      "morphology_close_wy": 3, 
      "morphology_open_wx": 15, 
      "morphology_open_wy": 2, 
      "threshold_additional": -0.3, 
      "use_angle_detector": true, 
      "use_autocontrast": true, 
      "use_background_closing": false, 
      "use_blink_removing": false, 
      "use_morphology_close": true, 
      "use_morphology_open": true, 
      "use_rgb_channel": 0, 
      "use_saturation": false
    }, 
    "settings": {
      "max_v_size": 35, 
      "min_h_gap": 20, 
      "min_h_size": 30, 
      "min_v_size": 13, 
      "step_x": 20, 
      "step_y": 15
    }
  }, 
  "type": "common"
}