{
  "rus.2p.type1:front": {
    "config": "templates/rus.2p.type1.front.common.json", 
    "expected_fields": ["photo"], 
    "fields": {
      "photo": {
        "workflow": {"mclass": "FieldProcessingWorkflow", "settings": {}, "type": "image"}
      }
    }, 
    "formatters": [], 
    "image_integrators": {
      "__default__": ":/integrator/default_image_integrator.json", 
      "photo": ":/integrator/default_photo_integrator.json"
    }, 
    "integrators": {"__default__": ":/integrator/default_rover_integrator.json"}, 
    "size": [1250, 1760], 
    "zones": {
      "photo_zone": {
        "rect": [51, 145, 401, 510], 
        "workflow": ":/photo_retriever/common_objed_photo_retriever.json"
      }
    }
  }
}