{
  "mclass": "Postprocessor", 
  "settings": {
    "mask_str": [
      "АБВГДЕЁЖЗИЙКЛМНОПРСТУФХЦЧШЩЪЫЬЭЮЯ", 
      "АБВГДЕЁЖЗИЙКЛМНОПРСТУФХЦЧШЩЪЫЬЭЮЯ", 
      " ", 
      "0123456789", 
      "0123456789", 
      "0123456789", 
      "0123456789", 
      "0123456789", 
      "0123456789", 
      "0123456789"
    ], 
    "matchs": {"Г": "1", "О": "0"}, 
    "min_confidence": 0.2, 
    "str_size": 10, 
    "sum_alph_confidence": 0.98, 
    "type_app": "univ_alph"
  }, 
  "type": "alphabet"
}