{
  "mclass": "Postprocessor", 
  "settings": {
    "mask_str": [
      "АБВГДЕЖЗИЙКЛМНОПРСТУФХЦЧШЩЪЬЮЯ", 
      "-", 
      "0123456789", 
      "0123456789", 
      "0123456789", 
      "0123456789", 
      "0123456789", 
      "0123456789"
    ], 
    "matchs": {".": "-", "0": "О", "6": "Б", "7": "Т", "Б": "6", "О": "0", "Т": "7"}, 
    "min_confidence": 0.2, 
    "str_size": 8, 
    "sum_alph_confidence": 0.98, 
    "type_app": "univ_alph"
  }, 
  "type": "alphabet"
}