[
    {
        "descriptors": [
            {
                "angle": 0,
                "path": "variants/rus_id_military_type2_page1_0.desc"
            },
            {
                "angle": 90,
                "path": "variants/rus_id_military_type2_page1_1.desc"
            },
            {
                "angle": 180,
                "path": "variants/rus_id_military_type2_page1_2.desc"
            },
            {
                "angle": 270,
                "path": "variants/rus_id_military_type2_page1_3.desc"
            }
        ],
        "keypoints": "variants/rus_id_military_type2_page1.txt",
        "(source)": "sources/rus_id_military_type2_page1.png"
    }
]