{
  "(sample)": "", 
  "features": {
    "content": {
      "geom_reject_thrsd": 0.8, 
      "num_recog_recstr": ":/recstr/card_indent_number_recstr.json", 
      "number_rect": {"height": 110, "width": 856, "x": 0, "y": 265}, 
      "orientation_checker": {
        "mclass": "OcrEngine", 
        "settings": {
          "autocontrast": false, 
          "recognizer_path": ":/recstr/special_nn/card_type.pb"
        }, 
        "type": "native"
      }, 
      "should_be_embossed": false, 
      "type_checker_recstr": ":/recstr/card_type_checker_recstr.json"
    }, 
    "mclass": "TemplateFeatures", 
    "type": "cardreader"
  }, 
  "name": "card.indent:front", 
  "size_mm": [85.6, 54.0], 
  "size_px": [856, 540]
}