{
    "(sample)": "rus.drvlic.type1.front.common/sample.jpg",
    "features": {
        "content": {
            "(ffe)": ":/docs/rus.drvlic/ffe_config_mobile.json",
            "descriptor_size": 128,
            "descriptor_type": "uint1",
            "rotations": 4,
            "variants": "rus.drvlic.type1.front.common/variants.json",
            "structure_type": "semifloated"
        },
        "type": "common",
        "mclass": "TemplateFeatures"
    },
    "name": "rus.drvlic.type1:front",
    "size_mm": [
        85.599999999999994316,
        54.0
    ],
    "size_px": [
        856,
        540
    ]
}
