{
    "(sample)": "rus.drvlic.type3.back.common/sample.jpg",
    "features": {
        "content": {
            "(ffe)": ":/docs/rus.drvlic/ffe_config_mobile.json",
            "descriptor_size": 128,
            "descriptor_type": "uint1",
            "rotations": 4,
            "variants": "rus.drvlic.type3.back.common/variants.json"
        },
        "type": "common",
        "mclass": "TemplateFeatures"
    },
    "name": "rus.drvlic.type3:back",
    "size_mm": [
        74.0,
        105.0
    ],
    "size_px": [
        740,
        1050
    ]
}
