{
  "mclass": "VerticalSegmentator", 
  "settings": {
    "layout": [
      {"delta_height": 110, "height": 150, "line_type": "gap"}, 
      {
        "delta_height": 30, 
        "fields": [
          {"delta_width": 150, "field_type": "gap", "width": 180}, 
          {
            "cost": 1.0, 
            "delta_width": 100, 
            "field_name": "categoriesA", 
            "field_type": "text", 
            "is_optional": false, 
            "width": 130
          }, 
          {"delta_width": 180, "field_type": "gap", "width": 180}
        ], 
        "height": 55, 
        "line_type": "text"
      }, 
      {"delta_height": 100, "height": 130, "line_type": "gap"}, 
      {
        "delta_height": 30, 
        "fields": [
          {"delta_width": 150, "field_type": "gap", "width": 180}, 
          {
            "cost": 1.0, 
            "delta_width": 100, 
            "field_name": "categoriesB", 
            "field_type": "text", 
            "is_optional": false, 
            "width": 130
          }, 
          {"delta_width": 180, "field_type": "gap", "width": 180}
        ], 
        "height": 55, 
        "line_type": "text"
      }, 
      {"delta_height": 100, "height": 130, "line_type": "gap"}, 
      {
        "delta_height": 30, 
        "fields": [
          {"delta_width": 150, "field_type": "gap", "width": 180}, 
          {
            "cost": 1.0, 
            "delta_width": 100, 
            "field_name": "categoriesC", 
            "field_type": "text", 
            "is_optional": false, 
            "width": 130
          }, 
          {"delta_width": 180, "field_type": "gap", "width": 180}
        ], 
        "height": 55, 
        "line_type": "text"
      }, 
      {"delta_height": 100, "height": 130, "line_type": "gap"}, 
      {
        "delta_height": 30, 
        "fields": [
          {"delta_width": 150, "field_type": "gap", "width": 180}, 
          {
            "cost": 1.0, 
            "delta_width": 100, 
            "field_name": "categoriesD", 
            "field_type": "text", 
            "is_optional": false, 
            "width": 130
          }, 
          {"delta_width": 180, "field_type": "gap", "width": 180}
        ], 
        "height": 55, 
        "line_type": "text"
      }, 
      {"delta_height": 100, "height": 130, "line_type": "gap"}, 
      {
        "delta_height": 30, 
        "fields": [
          {"delta_width": 150, "field_type": "gap", "width": 180}, 
          {
            "cost": 1.0, 
            "delta_width": 100, 
            "field_name": "categoriesE", 
            "field_type": "text", 
            "is_optional": false, 
            "width": 130
          }, 
          {"delta_width": 180, "field_type": "gap", "width": 180}
        ], 
        "height": 55, 
        "line_type": "text"
      }, 
      {"delta_height": 150, "height": 150, "line_type": "gap"}
    ], 
    "preprocessing": {
      "processing_steps": [
        {"settings": {"blink_removing_percent": 0.1}, "type": "blink_removing"}, 
        {
          "settings": {"background_closing_wx": 4, "background_closing_wy": 4}, 
          "type": "background_closing"
        }, 
        {
          "settings": {"morphology_open_wx": 10, "morphology_open_wy": 3}, 
          "type": "morphology_open"
        }, 
        {
          "settings": {"morphology_close_wx": 1, "morphology_close_wy": 7}, 
          "type": "morphology_close"
        }, 
        {
          "settings": {
            "autocontrast_satur_black": 0.03, 
            "autocontrast_satur_white": 0.05
          }, 
          "type": "autocontrast"
        }, 
        {
          "settings": {"height_downscale": 1.0, "width_downscale": 0.5}, 
          "type": "angle_detection"
        }
      ], 
      "settings": {}
    }, 
    "settings": {
      "default_gap_dp_cost": 0.0, 
      "default_gap_otsu_cost": 0.7, 
      "gap_bot": 4, 
      "gap_left": 8, 
      "gap_right": 20, 
      "gap_top": 4, 
      "grid_step_x": 1, 
      "grid_step_y": 1, 
      "local_otsu_window_wing": -1, 
      "rejection_threshold": 0.15, 
      "score_type": "otsu"
    }
  }, 
  "type": "dynamic"
}