{
  "mclass": "VerticalSegmentator", 
  "settings": {
    "layout": [
      {"delta_height": 65, "height": 70, "line_type": "gap"}, 
      {
        "delta_height": 10, 
        "fields": [
          {"delta_width": 30, "field_type": "gap", "width": 460}, 
          {
            "cost": 1.0, 
            "delta_width": 150, 
            "field_name": "birth_date", 
            "field_type": "text", 
            "gap_bot": 10, 
            "gap_left": 1, 
            "is_optional": false, 
            "width": 250
          }, 
          {"delta_width": 150, "field_type": "gap", "width": 150}
        ], 
        "height": 30, 
        "line_type": "text"
      }, 
      {"delta_height": 20, "height": 25, "line_type": "gap"}, 
      {
        "delta_height": 10, 
        "fields": [
          {"delta_width": 300, "field_type": "gap", "width": 300}, 
          {
            "cost": 1.0, 
            "delta_width": 500, 
            "field_name": "birth_place", 
            "field_type": "text", 
            "gap_right": 20, 
            "is_optional": false, 
            "width": 740
          }, 
          {"delta_width": 740, "field_type": "gap", "width": 740}
        ], 
        "height": 30, 
        "line_type": "text"
      }, 
      {"delta_height": 8, "height": 10, "line_type": "gap"}, 
      {
        "delta_height": 10, 
        "fields": [
          {"delta_width": 300, "field_type": "gap", "width": 300}, 
          {
            "cost": 0.6, 
            "delta_width": 740, 
            "field_name": "birth_place1_eng", 
            "field_type": "text", 
            "gap_right": 20, 
            "is_optional": true, 
            "width": 740
          }, 
          {"delta_width": 740, "field_type": "gap", "width": 740}
        ], 
        "height": 30, 
        "line_type": "text"
      }, 
      {"delta_height": 8, "height": 10, "line_type": "gap"}, 
      {
        "delta_height": 6, 
        "fields": [
          {"delta_width": 100, "field_type": "gap", "width": 120}, 
          {
            "cost": 1.0, 
            "delta_width": 100, 
            "field_name": "trash1", 
            "field_type": "text", 
            "is_optional": false, 
            "width": 300
          }, 
          {"delta_width": 100, "field_type": "gap", "width": 450}
        ], 
        "height": 25, 
        "line_type": "text"
      }, 
      {"delta_height": 20, "height": 25, "line_type": "gap"}, 
      {
        "delta_height": 10, 
        "fields": [
          {"delta_width": 300, "field_type": "gap", "width": 300}, 
          {
            "cost": 1.0, 
            "delta_width": 500, 
            "field_name": "residence", 
            "field_type": "text", 
            "is_optional": false, 
            "width": 740
          }, 
          {"delta_width": 740, "field_type": "gap", "width": 740}
        ], 
        "height": 30, 
        "line_type": "text"
      }, 
      {"delta_height": 10, "height": 15, "line_type": "gap"}, 
      {
        "delta_height": 10, 
        "fields": [
          {"delta_width": 300, "field_type": "gap", "width": 300}, 
          {
            "cost": 0.6, 
            "delta_width": 740, 
            "field_name": "residence1_eng", 
            "field_type": "text", 
            "gap_bot": 2, 
            "is_optional": true, 
            "width": 740
          }, 
          {"delta_width": 740, "field_type": "gap", "width": 740}
        ], 
        "height": 30, 
        "line_type": "text"
      }, 
      {"delta_height": 70, "height": 70, "line_type": "gap"}
    ], 
    "preprocessing": {
      "processing_steps": [
        {"settings": {"blink_removing_percent": 0.1}, "type": "blink_removing"}, 
        {
          "settings": {"background_closing_wx": 3, "background_closing_wy": 3}, 
          "type": "background_closing"
        }, 
        {
          "settings": {"morphology_open_wx": 21, "morphology_open_wy": 0}, 
          "type": "morphology_open"
        }, 
        {
          "settings": {"morphology_close_wx": 0, "morphology_close_wy": 2}, 
          "type": "morphology_close"
        }, 
        {
          "settings": {
            "autocontrast_satur_black": 0.05, 
            "autocontrast_satur_white": 0.05
          }, 
          "type": "autocontrast"
        }, 
        {"type": "saturation"}, 
        {
          "settings": {"height_downscale": 1.0, "width_downscale": 0.5}, 
          "type": "angle_detection"
        }
      ], 
      "settings": {}
    }, 
    "settings": {
      "adapter_bot_padding": 25, 
      "default_gap_dp_cost": 0.0, 
      "default_gap_otsu_cost": 0.3, 
      "gap_bot": 4, 
      "gap_left": 15, 
      "gap_right": 25, 
      "gap_top": 6, 
      "grid_step_x": 1, 
      "grid_step_y": 1, 
      "rejection_threshold": 0.15, 
      "score_type": "otsu"
    }
  }, 
  "type": "dynamic"
}