{
  "mclass": "VerticalSegmentator", 
  "settings": {
    "layout": [
      {"delta_height": 75, "height": 75, "line_type": "gap"}, 
      {
        "delta_height": 10, 
        "fields": [
          {"delta_width": 85, "field_type": "gap", "width": 85}, 
          {
            "cost": 1.0, 
            "delta_width": 390, 
            "field_name": "surname", 
            "field_type": "text", 
            "width": 400
          }, 
          {"delta_width": 400, "field_type": "gap", "width": 440}
        ], 
        "height": 23, 
        "line_type": "text"
      }, 
      {"delta_height": 14, "height": 15, "line_type": "gap"}, 
      {
        "delta_height": 10, 
        "fields": [
          {"delta_width": 85, "field_type": "gap", "width": 85}, 
          {
            "cost": 1.0, 
            "delta_width": 390, 
            "field_name": "surname_eng", 
            "field_type": "text", 
            "width": 400
          }, 
          {"delta_width": 400, "field_type": "gap", "width": 440}
        ], 
        "height": 23, 
        "line_type": "text"
      }, 
      {"delta_height": 23, "height": 25, "line_type": "gap"}, 
      {
        "delta_height": 10, 
        "fields": [
          {"delta_width": 85, "field_type": "gap", "width": 85}, 
          {
            "cost": 1.0, 
            "delta_width": 390, 
            "field_name": "name_and_patronymic", 
            "field_type": "text", 
            "width": 400
          }, 
          {"delta_width": 400, "field_type": "gap", "width": 440}
        ], 
        "height": 23, 
        "line_type": "text"
      }, 
      {"delta_height": 9, "height": 10, "line_type": "gap"}, 
      {
        "delta_height": 10, 
        "fields": [
          {"delta_width": 85, "field_type": "gap", "width": 85}, 
          {
            "cost": 1.0, 
            "delta_width": 390, 
            "field_name": "name_and_patronymic_eng", 
            "field_type": "text", 
            "width": 400
          }, 
          {"delta_width": 400, "field_type": "gap", "width": 440}
        ], 
        "height": 23, 
        "line_type": "text"
      }, 
      {"delta_height": 23, "height": 25, "line_type": "gap"}, 
      {
        "delta_height": 10, 
        "fields": [
          {"delta_width": 85, "field_type": "gap", "width": 85}, 
          {
            "cost": 1.0, 
            "delta_width": 50, 
            "field_name": "birth_date", 
            "field_type": "text", 
            "width": 150
          }, 
          {"delta_width": 400, "field_type": "gap", "width": 440}
        ], 
        "height": 23, 
        "line_type": "text"
      }, 
      {"delta_height": 23, "height": 25, "line_type": "gap"}, 
      {
        "delta_height": 10, 
        "fields": [
          {"delta_width": 85, "field_type": "gap", "width": 85}, 
          {
            "cost": 1.0, 
            "delta_width": 430, 
            "field_name": "birth_place", 
            "field_type": "text", 
            "width": 450
          }, 
          {"delta_width": 430, "field_type": "gap", "width": 440}
        ], 
        "height": 23, 
        "line_type": "text"
      }, 
      {"delta_height": 10, "height": 10, "line_type": "gap"}, 
      {
        "delta_height": 10, 
        "fields": [
          {"delta_width": 85, "field_type": "gap", "width": 85}, 
          {
            "cost": 1.0, 
            "delta_width": 390, 
            "field_name": "birth_place_eng", 
            "field_type": "text", 
            "width": 400
          }, 
          {"delta_width": 400, "field_type": "gap", "width": 440}
        ], 
        "height": 23, 
        "line_type": "text"
      }, 
      {"delta_height": 23, "height": 25, "line_type": "gap"}, 
      {
        "delta_height": 10, 
        "fields": [
          {"delta_width": 85, "field_type": "gap", "width": 85}, 
          {
            "cost": 1.0, 
            "delta_width": 60, 
            "field_name": "issue_date", 
            "field_type": "text", 
            "width": 180
          }, 
          {"delta_width": 100, "field_type": "gap", "width": 130}, 
          {
            "cost": 1.0, 
            "delta_width": 60, 
            "field_name": "expiry_date", 
            "field_type": "text", 
            "width": 180
          }, 
          {"delta_width": 400, "field_type": "gap", "width": 440}
        ], 
        "height": 23, 
        "line_type": "text"
      }, 
      {"delta_height": 14, "height": 15, "line_type": "gap"}, 
      {
        "delta_height": 10, 
        "fields": [
          {"delta_width": 85, "field_type": "gap", "width": 85}, 
          {
            "cost": 1.0, 
            "delta_width": 330, 
            "field_name": "authority", 
            "field_type": "text", 
            "width": 430
          }, 
          {"delta_width": 430, "field_type": "gap", "width": 440}
        ], 
        "height": 23, 
        "line_type": "text"
      }, 
      {"delta_height": 10, "height": 10, "line_type": "gap"}, 
      {
        "delta_height": 13, 
        "fields": [
          {"delta_width": 85, "field_type": "gap", "width": 85}, 
          {
            "cost": 1.0, 
            "delta_width": 250, 
            "field_name": "authority_eng", 
            "field_type": "text", 
            "gap_top": 3, 
            "width": 350
          }, 
          {"delta_width": 400, "field_type": "gap", "width": 440}
        ], 
        "height": 23, 
        "line_type": "text"
      }, 
      {"delta_height": 23, "height": 25, "line_type": "gap"}, 
      {
        "delta_height": 12, 
        "fields": [
          {"delta_width": 80, "field_type": "gap", "width": 85}, 
          {
            "cost": 1.0, 
            "delta_width": 60, 
            "field_name": "number", 
            "field_type": "text", 
            "width": 200
          }, 
          {"delta_width": 430, "field_type": "gap", "width": 440}
        ], 
        "height": 25, 
        "line_type": "text"
      }, 
      {"delta_height": 13, "height": 15, "line_type": "gap"}, 
      {
        "delta_height": 10, 
        "fields": [
          {"delta_width": 85, "field_type": "gap", "width": 85}, 
          {
            "cost": 1.0, 
            "delta_width": 430, 
            "field_name": "residence", 
            "field_type": "text", 
            "width": 470
          }, 
          {"delta_width": 430, "field_type": "gap", "width": 440}
        ], 
        "height": 27, 
        "line_type": "text"
      }, 
      {"delta_height": 10, "height": 15, "line_type": "gap"}, 
      {
        "delta_height": 15, 
        "fields": [
          {"delta_width": 85, "field_type": "gap", "width": 85}, 
          {
            "cost": 0.6, 
            "delta_width": 390, 
            "field_name": "residence_eng", 
            "field_type": "text", 
            "width": 400
          }, 
          {"delta_width": 400, "field_type": "gap", "width": 440}
        ], 
        "height": 23, 
        "line_type": "text"
      }, 
      {"delta_height": 1000, "height": 1000, "line_type": "gap"}
    ], 
    "preprocessing": {
      "processing_steps": [
        {"settings": {"blink_removing_percent": 0.1}, "type": "blink_removing"}, 
        {
          "settings": {"background_closing_wx": 4, "background_closing_wy": 4}, 
          "type": "background_closing"
        }, 
        {
          "settings": {"morphology_open_wx": 13, "morphology_open_wy": 0}, 
          "type": "morphology_open"
        }, 
        {
          "settings": {
            "autocontrast_satur_black": 0.02, 
            "autocontrast_satur_white": 0.05
          }, 
          "type": "autocontrast"
        }, 
        {
          "settings": {"height_downscale": 1.0, "width_downscale": 0.25}, 
          "type": "angle_detection"
        }
      ], 
      "settings": {}
    }, 
    "settings": {
      "adapter_bot_padding": 25, 
      "default_gap_dp_cost": 0.0, 
      "default_gap_otsu_cost": 0.3, 
      "gap_bot": 7, 
      "gap_left": 13, 
      "gap_right": 20, 
      "gap_top": 7, 
      "grid_step_x": 1, 
      "grid_step_y": 1, 
      "rejection_threshold": 0.15, 
      "score_type": "otsu"
    }
  }, 
  "type": "dynamic"
}