{
  "mclass": "VerticalSegmentator", 
  "settings": {
    "layout": [
      {"delta_height": 60, "height": 70, "line_type": "gap"}, 
      {
        "delta_height": 7, 
        "fields": [
          {"delta_width": 500, "field_type": "gap", "width": 670}, 
          {
            "cost": 1.0, 
            "delta_width": 450, 
            "field_name": "surname", 
            "field_type": "text", 
            "gap_left": 10, 
            "is_optional": false, 
            "width": 520
          }, 
          {"delta_width": 130, "field_type": "gap", "width": 140}, 
          {
            "cost": 1.0, 
            "delta_width": 620, 
            "field_name": "surname1_eng", 
            "field_type": "text", 
            "is_optional": true, 
            "width": 620
          }, 
          {"delta_width": 520, "field_type": "gap", "width": 520}
        ], 
        "height": 32, 
        "line_type": "text"
      }, 
      {"delta_height": 50, "height": 55, "line_type": "gap"}, 
      {
        "delta_height": 7, 
        "fields": [
          {"delta_width": 580, "field_type": "gap", "width": 670}, 
          {
            "cost": 1.0, 
            "delta_width": 500, 
            "field_name": "name", 
            "field_type": "text", 
            "is_optional": false, 
            "width": 520
          }, 
          {"delta_width": 130, "field_type": "gap", "width": 140}, 
          {
            "cost": 1.0, 
            "delta_width": 550, 
            "field_name": "name1_eng", 
            "field_type": "text", 
            "is_optional": true, 
            "width": 620
          }, 
          {"delta_width": 520, "field_type": "gap", "width": 520}
        ], 
        "height": 32, 
        "line_type": "text"
      }, 
      {"delta_height": 28, "height": 30, "line_type": "gap"}, 
      {
        "delta_height": 7, 
        "fields": [
          {"delta_width": 510, "field_type": "gap", "width": 670}, 
          {
            "cost": 1.0, 
            "delta_width": 470, 
            "field_name": "patronymic", 
            "field_type": "text", 
            "is_optional": false, 
            "width": 520
          }, 
          {"delta_width": 520, "field_type": "gap", "width": 520}
        ], 
        "height": 32, 
        "line_type": "text"
      }, 
      {"delta_height": 90, "height": 100, "line_type": "gap"}
    ], 
    "preprocessing": {
      "processing_steps": [
        {"settings": {"blink_removing_percent": 0.1}, "type": "blink_removing"}, 
        {
          "settings": {"morphology_close_wx": 1, "morphology_close_wy": 1}, 
          "type": "morphology_close"
        }, 
        {
          "settings": {"background_closing_wx": 4, "background_closing_wy": 4}, 
          "type": "background_closing"
        }, 
        {
          "settings": {"morphology_open_wx": 13, "morphology_open_wy": 1}, 
          "type": "morphology_open"
        }, 
        {
          "settings": {"morphology_close_wx": 0, "morphology_close_wy": 3}, 
          "type": "morphology_close"
        }, 
        {
          "settings": {
            "autocontrast_satur_black": 0.12, 
            "autocontrast_satur_white": 0.55
          }, 
          "type": "autocontrast"
        }, 
        {
          "settings": {"height_downscale": 1.0, "width_downscale": 0.25}, 
          "type": "angle_detection"
        }
      ], 
      "settings": {}
    }, 
    "settings": {
      "default_gap_dp_cost": 0.0, 
      "default_gap_otsu_cost": 0.7, 
      "gap_bot": 5, 
      "gap_left": 15, 
      "gap_right": 20, 
      "gap_top": 6, 
      "grid_step_x": 1, 
      "grid_step_y": 1, 
      "local_otsu_window_wing": -1, 
      "rejection_threshold": 0.15, 
      "score_type": "otsu"
    }
  }, 
  "type": "dynamic"
}