{
  "mclass": "VerticalSegmentator", 
  "settings": {
    "layout": [
      {"delta_height": 40, "height": 40, "line_type": "gap"}, 
      {
        "delta_height": 10, 
        "fields": [
          {"delta_width": 80, "field_type": "gap", "width": 100}, 
          {
            "cost": 1.0, 
            "delta_width": 600, 
            "field_name": "authority", 
            "field_type": "text", 
            "gap_right": 15, 
            "is_optional": false, 
            "width": 670
          }, 
          {"delta_width": 670, "field_type": "gap", "width": 670}
        ], 
        "height": 30, 
        "line_type": "text"
      }, 
      {"delta_height": 5, "height": 10, "line_type": "gap"}, 
      {
        "delta_height": 28, 
        "fields": [
          {"delta_width": 80, "field_type": "gap", "width": 100}, 
          {
            "cost": 0.1, 
            "delta_width": 670, 
            "field_name": "authority_eng", 
            "field_type": "text", 
            "is_optional": true, 
            "width": 670
          }, 
          {"delta_width": 670, "field_type": "gap", "width": 670}
        ], 
        "height": 30, 
        "line_type": "text"
      }, 
      {"delta_height": 5, "height": 10, "line_type": "gap"}, 
      {
        "delta_height": 10, 
        "fields": [
          {"delta_width": 20, "field_type": "gap", "width": 70}, 
          {
            "cost": 1.0, 
            "delta_width": 10, 
            "field_name": "trash2", 
            "field_type": "text", 
            "is_optional": false, 
            "width": 150
          }, 
          {"delta_width": 50, "field_type": "gap", "width": 540}
        ], 
        "height": 25, 
        "line_type": "text"
      }, 
      {"delta_height": 35, "height": 40, "line_type": "gap"}, 
      {
        "delta_height": 10, 
        "fields": [
          {"delta_width": 380, "field_type": "gap", "width": 380}, 
          {
            "cost": 1.0, 
            "delta_width": 100, 
            "field_name": "issue_date", 
            "field_type": "text", 
            "is_optional": false, 
            "width": 250
          }, 
          {"delta_width": 400, "field_type": "gap", "width": 700}
        ], 
        "height": 30, 
        "line_type": "text"
      }, 
      {"delta_height": 37, "height": 40, "line_type": "gap"}, 
      {
        "delta_height": 15, 
        "fields": [
          {"delta_width": 20, "field_type": "gap", "width": 70}, 
          {
            "cost": 1.0, 
            "delta_width": 20, 
            "field_name": "trash3", 
            "field_type": "text", 
            "is_optional": false, 
            "width": 210
          }, 
          {"delta_width": 50, "field_type": "gap", "width": 490}
        ], 
        "height": 25, 
        "line_type": "text"
      }, 
      {"delta_height": 37, "height": 40, "line_type": "gap"}, 
      {
        "delta_height": 10, 
        "fields": [
          {"delta_width": 380, "field_type": "gap", "width": 380}, 
          {
            "cost": 1.0, 
            "delta_width": 100, 
            "field_name": "expiry_date", 
            "field_type": "text", 
            "is_optional": false, 
            "width": 250
          }, 
          {"delta_width": 400, "field_type": "gap", "width": 700}
        ], 
        "height": 30, 
        "line_type": "text"
      }, 
      {"delta_height": 55, "height": 60, "line_type": "gap"}
    ], 
    "preprocessing": {
      "processing_steps": [
        {"settings": {"blink_removing_percent": 0.1}, "type": "blink_removing"}, 
        {
          "settings": {"background_closing_wx": 4, "background_closing_wy": 4}, 
          "type": "background_closing"
        }, 
        {
          "settings": {"morphology_open_wx": 10, "morphology_open_wy": 0}, 
          "type": "morphology_open"
        }, 
        {
          "settings": {
            "autocontrast_satur_black": 0.03, 
            "autocontrast_satur_white": 0.05
          }, 
          "type": "autocontrast"
        }, 
        {"type": "saturation"}, 
        {
          "settings": {"height_downscale": 1.0, "width_downscale": 0.5}, 
          "type": "angle_detection"
        }
      ], 
      "settings": {}
    }, 
    "settings": {
      "adapter_bot_padding": 25, 
      "default_gap_dp_cost": 0.0, 
      "default_gap_otsu_cost": 0.3, 
      "gap_bot": 4, 
      "gap_left": 13, 
      "gap_right": 10, 
      "gap_top": 6, 
      "grid_step_x": 1, 
      "grid_step_y": 1, 
      "rejection_threshold": 0.15, 
      "score_type": "otsu"
    }
  }, 
  "type": "dynamic"
}