{
  "mclass": "VerticalSegmentator", 
  "settings": {
    "layout": [
      {"delta_height": 29, "height": 30, "line_type": "gap"}, 
      {
        "delta_height": 10, 
        "fields": [
          {"delta_width": 100, "field_type": "gap", "width": 250}, 
          {
            "cost": 1.0, 
            "delta_width": 280, 
            "field_name": "surname", 
            "field_type": "text", 
            "gap_top": 2, 
            "width": 300
          }, 
          {"delta_width": 250, "field_type": "gap", "width": 300}
        ], 
        "height": 25, 
        "line_type": "text"
      }, 
      {"delta_height": 8, "height": 9, "line_type": "gap"}, 
      {
        "delta_height": 10, 
        "fields": [
          {"delta_width": 200, "field_type": "gap", "width": 250}, 
          {
            "cost": 1.0, 
            "delta_width": 280, 
            "field_name": "surname_eng", 
            "field_type": "text", 
            "width": 300
          }, 
          {"delta_width": 250, "field_type": "gap", "width": 300}
        ], 
        "height": 25, 
        "line_type": "text"
      }, 
      {"delta_height": 19, "height": 20, "line_type": "gap"}, 
      {
        "delta_height": 10, 
        "fields": [
          {"delta_width": 200, "field_type": "gap", "width": 250}, 
          {
            "cost": 1.0, 
            "delta_width": 280, 
            "field_name": "name", 
            "field_type": "text", 
            "width": 300
          }, 
          {"delta_width": 250, "field_type": "gap", "width": 300}
        ], 
        "height": 25, 
        "line_type": "text"
      }, 
      {"delta_height": 8, "height": 9, "line_type": "gap"}, 
      {
        "delta_height": 10, 
        "fields": [
          {"delta_width": 200, "field_type": "gap", "width": 250}, 
          {
            "cost": 1.0, 
            "delta_width": 280, 
            "field_name": "name_eng", 
            "field_type": "text", 
            "gap_bot": 2, 
            "gap_left": 15, 
            "width": 300
          }, 
          {"delta_width": 250, "field_type": "gap", "width": 300}
        ], 
        "height": 25, 
        "line_type": "text"
      }, 
      {"delta_height": 8, "height": 9, "line_type": "gap"}, 
      {
        "delta_height": 10, 
        "fields": [
          {"delta_width": 130, "field_type": "gap", "width": 250}, 
          {
            "cost": 1.0, 
            "delta_width": 280, 
            "field_name": "patronymic", 
            "field_type": "text", 
            "width": 300
          }, 
          {"delta_width": 250, "field_type": "gap", "width": 300}
        ], 
        "height": 25, 
        "line_type": "text"
      }, 
      {"delta_height": 8, "height": 9, "line_type": "gap"}, 
      {
        "delta_height": 10, 
        "fields": [
          {"delta_width": 200, "field_type": "gap", "width": 400}, 
          {
            "cost": 1.0, 
            "delta_width": 140, 
            "field_name": "birth_date", 
            "field_type": "text", 
            "width": 180
          }, 
          {"delta_width": 100, "field_type": "gap", "width": 100}
        ], 
        "height": 25, 
        "line_type": "text"
      }, 
      {"delta_height": 8, "height": 9, "line_type": "gap"}, 
      {
        "delta_height": 10, 
        "fields": [
          {"delta_width": 90, "field_type": "gap", "width": 100}, 
          {
            "cost": 1.0, 
            "delta_width": 450, 
            "field_name": "birth_place", 
            "field_type": "text", 
            "gap_top": 1, 
            "width": 500
          }, 
          {"delta_width": 300, "field_type": "gap", "width": 300}
        ], 
        "height": 25, 
        "line_type": "text"
      }, 
      {"delta_height": 8, "height": 9, "line_type": "gap"}, 
      {
        "delta_height": 10, 
        "fields": [
          {"delta_width": 25, "field_type": "gap", "width": 250}, 
          {
            "cost": 1.0, 
            "delta_width": 350, 
            "field_name": "residence", 
            "field_type": "text", 
            "width": 400
          }, 
          {"delta_width": 300, "field_type": "gap", "width": 300}
        ], 
        "height": 25, 
        "line_type": "text"
      }, 
      {"delta_height": 19, "height": 20, "line_type": "gap"}, 
      {
        "delta_height": 10, 
        "fields": [
          {"delta_width": 90, "field_type": "gap", "width": 100}, 
          {"cost": 0.5, "delta_width": 100, "field_type": "text", "width": 100}, 
          {"delta_width": 100, "field_type": "gap", "width": 100}, 
          {
            "cost": 1.0, 
            "delta_width": 350, 
            "field_name": "residence_eng", 
            "field_type": "text", 
            "width": 400
          }, 
          {"delta_width": 300, "field_type": "gap", "width": 300}
        ], 
        "height": 25, 
        "line_type": "text"
      }, 
      {"delta_height": 999, "height": 1000, "line_type": "gap"}
    ], 
    "preprocessing": {
      "processing_steps": [
        {"settings": {"blink_removing_percent": 0.1}, "type": "blink_removing"}, 
        {
          "settings": {"morphology_open_wx": 15, "morphology_open_wy": 1}, 
          "type": "morphology_open"
        }, 
        {
          "settings": {"morphology_close_wx": 0, "morphology_close_wy": 6}, 
          "type": "morphology_close"
        }, 
        {
          "settings": {
            "autocontrast_satur_black": 0.025, 
            "autocontrast_satur_white": 0.05
          }, 
          "type": "autocontrast"
        }, 
        {
          "settings": {"height_downscale": 1.0, "width_downscale": 0.25}, 
          "type": "angle_detection"
        }
      ], 
      "settings": {}
    }, 
    "settings": {
      "adapter_bot_padding": 25, 
      "default_gap_dp_cost": 0.0, 
      "default_gap_otsu_cost": 0.3, 
      "gap_bot": 3, 
      "gap_left": 10, 
      "gap_right": 15, 
      "gap_top": 0, 
      "grid_step_x": 1, 
      "grid_step_y": 1, 
      "rejection_threshold": 0.15, 
      "score_type": "otsu"
    }
  }, 
  "type": "dynamic"
}