{
  "mclass": "VerticalSegmentator", 
  "settings": {
    "layout": [
      {"delta_height": 70, "height": 70, "line_type": "gap"}, 
      {
        "delta_height": 10, 
        "fields": [
          {"delta_width": 100, "field_type": "gap", "width": 100}, 
          {
            "cost": 1, 
            "delta_width": 120, 
            "field_name": "number_back", 
            "field_type": "text", 
            "is_optional": false, 
            "width": 400
          }, 
          {"delta_width": 90, "field_type": "gap", "width": 100}
        ], 
        "height": 40, 
        "line_type": "text"
      }, 
      {"delta_height": 25, "height": 30, "line_type": "gap"}
    ], 
    "preprocessing": {
      "processing_steps": [
        {"settings": {"blink_removing_percent": 0.1}, "type": "blink_removing"}, 
        {
          "settings": {"background_closing_wx": 6, "background_closing_wy": 6}, 
          "type": "background_closing"
        }, 
        {
          "settings": {"morphology_open_wx": 12, "morphology_open_wy": 0}, 
          "type": "morphology_open"
        }, 
        {
          "settings": {"morphology_close_wx": 4, "morphology_close_wy": 4}, 
          "type": "morphology_close"
        }, 
        {
          "settings": {
            "autocontrast_satur_black": 0.01, 
            "autocontrast_satur_white": 0.3
          }, 
          "type": "autocontrast"
        }, 
        {
          "settings": {"height_downscale": 1.0, "width_downscale": 0.5}, 
          "type": "angle_detection"
        }
      ], 
      "settings": {}
    }, 
    "settings": {
      "default_gap_dp_cost": 0.0, 
      "default_gap_otsu_cost": 0.7, 
      "gap_bot": 5, 
      "gap_left": 10, 
      "gap_right": 10, 
      "gap_top": 5, 
      "grid_step_x": 1, 
      "grid_step_y": 1, 
      "local_otsu_window_wing": -1, 
      "rejection_threshold": 0.15, 
      "score_type": "otsu"
    }
  }, 
  "type": "dynamic"
}