{
  "mclass": "VerticalSegmentator", 
  "settings": {
    "layout": [
      {"delta_height": 79, "height": 80, "line_type": "gap"}, 
      {
        "delta_height": 30, 
        "fields": [
          {"delta_width": 100, "field_type": "gap", "width": 100}, 
          {"cost": 0.5, "delta_width": 230, "field_type": "text", "width": 330}, 
          {"delta_width": 100, "field_type": "gap", "width": 100}
        ], 
        "height": 50, 
        "line_type": "text"
      }, 
      {"delta_height": 19, "height": 20, "line_type": "gap"}, 
      {
        "delta_height": 30, 
        "fields": [
          {"delta_width": 100, "field_type": "gap", "width": 100}, 
          {"cost": 0.5, "delta_width": 230, "field_type": "text", "width": 330}, 
          {"delta_width": 100, "field_type": "gap", "width": 100}
        ], 
        "height": 50, 
        "line_type": "text"
      }, 
      {"delta_height": 25, "height": 30, "line_type": "gap"}, 
      {
        "delta_height": 20, 
        "fields": [
          {"delta_width": 80, "field_type": "gap", "width": 80}, 
          {
            "cost": 1.0, 
            "delta_width": 110, 
            "field_name": "number", 
            "field_type": "text", 
            "width": 330
          }, 
          {"delta_width": 100, "field_type": "gap", "width": 100}
        ], 
        "height": 40, 
        "line_type": "text"
      }, 
      {"delta_height": 199, "height": 200, "line_type": "gap"}
    ], 
    "preprocessing": {
      "processing_steps": [
        {"settings": {"blink_removing_percent": 0.1}, "type": "blink_removing"}, 
        {
          "settings": {"background_closing_wx": 4, "background_closing_wy": 4}, 
          "type": "background_closing"
        }, 
        {
          "settings": {"morphology_open_wx": 13, "morphology_open_wy": 1}, 
          "type": "morphology_open"
        }, 
        {
          "settings": {
            "autocontrast_satur_black": 0.02, 
            "autocontrast_satur_white": 0.05
          }, 
          "type": "autocontrast"
        }, 
        {
          "settings": {"height_downscale": 1.0, "width_downscale": 0.25}, 
          "type": "angle_detection"
        }
      ], 
      "settings": {}
    }, 
    "settings": {
      "adapter_bot_padding": 25, 
      "default_gap_dp_cost": 0.0, 
      "default_gap_otsu_cost": 0.3, 
      "gap_bot": 4, 
      "gap_left": 13, 
      "gap_right": 10, 
      "gap_top": 6, 
      "grid_step_x": 1, 
      "grid_step_y": 1, 
      "rejection_threshold": 0.15, 
      "score_type": "otsu"
    }
  }, 
  "type": "dynamic"
}