{
  "mclass": "VerticalSegmentator", 
  "settings": {
    "layout": [
      {"delta_height": 20, "height": 30, "line_type": "gap"}, 
      {
        "delta_height": 10, 
        "fields": [
          {"delta_width": 50, "field_type": "gap", "width": 100}, 
          {
            "cost": 1.7, 
            "delta_width": 20, 
            "field_name": "number2", 
            "field_type": "text", 
            "width": 350
          }, 
          {"delta_width": 70, "field_type": "gap", "width": 150}
        ], 
        "height": 35, 
        "line_type": "text"
      }, 
      {"delta_height": 30, "height": 55, "line_type": "gap"}, 
      {
        "delta_height": 15, 
        "fields": [
          {"delta_width": 70, "field_type": "gap", "width": 120}, 
          {
            "cost": 1.0, 
            "delta_width": 20, 
            "field_name": "number", 
            "field_type": "text", 
            "width": 350
          }, 
          {"delta_width": 100, "field_type": "gap", "width": 150}
        ], 
        "height": 45, 
        "line_type": "text"
      }, 
      {"delta_height": 100, "height": 100, "line_type": "gap"}
    ], 
    "preprocessing": {
      "processing_steps": [
        {"settings": {"blink_removing_percent": 0.1}, "type": "blink_removing"}, 
        {
          "settings": {"background_closing_wx": 4, "background_closing_wy": 4}, 
          "type": "background_closing"
        }, 
        {
          "settings": {"morphology_open_wx": 20, "morphology_open_wy": 3}, 
          "type": "morphology_open"
        }, 
        {
          "settings": {
            "autocontrast_satur_black": 0.15, 
            "autocontrast_satur_white": 0.55
          }, 
          "type": "autocontrast"
        }, 
        {
          "settings": {"height_downscale": 1.0, "width_downscale": 0.5}, 
          "type": "angle_detection"
        }
      ], 
      "settings": {}
    }, 
    "settings": {
      "adapter_bot_padding": 25, 
      "default_gap_dp_cost": 0.0, 
      "default_gap_otsu_cost": 0.3, 
      "gap_bot": 7, 
      "gap_left": 23, 
      "gap_right": 17, 
      "gap_top": 6, 
      "grid_step_x": 1, 
      "grid_step_y": 1, 
      "rejection_threshold": 0.15, 
      "score_type": "otsu"
    }
  }, 
  "type": "dynamic"
}