{
  "mclass": "VerticalSegmentator", 
  "settings": {
    "layout": [
      {"delta_height": 50, "height": 50, "line_type": "gap"}, 
      {
        "delta_height": 24, 
        "fields": [
          {"delta_width": 80, "field_type": "gap", "width": 80}, 
          {
            "cost": 0.6, 
            "delta_width": 485, 
            "field_name": "trash", 
            "field_type": "text", 
            "is_optional": true, 
            "width": 500
          }, 
          {"delta_width": 490, "field_type": "gap", "width": 490}
        ], 
        "height": 25, 
        "line_type": "text"
      }, 
      {"delta_height": 20, "height": 25, "line_type": "gap"}, 
      {
        "delta_height": 10, 
        "fields": [
          {"delta_width": 50, "field_type": "gap", "width": 80}, 
          {
            "cost": 1.0, 
            "delta_width": 485, 
            "field_name": "categories0", 
            "field_type": "text", 
            "gap_top": 7, 
            "is_optional": false, 
            "width": 500
          }, 
          {"delta_width": 490, "field_type": "gap", "width": 490}
        ], 
        "height": 25, 
        "line_type": "text"
      }, 
      {"delta_height": 35, "height": 50, "line_type": "gap"}, 
      {
        "delta_height": 10, 
        "fields": [
          {"delta_width": 50, "field_type": "gap", "width": 80}, 
          {
            "cost": 1.0, 
            "delta_width": 485, 
            "field_name": "categories1", 
            "field_type": "text", 
            "gap_top": 7, 
            "is_optional": false, 
            "width": 500
          }, 
          {"delta_width": 490, "field_type": "gap", "width": 490}
        ], 
        "height": 25, 
        "line_type": "text"
      }, 
      {"delta_height": 150, "height": 150, "line_type": "gap"}
    ], 
    "preprocessing": {
      "processing_steps": [
        {"settings": {"blink_removing_percent": 0.1}, "type": "blink_removing"}, 
        {
          "settings": {"background_closing_wx": 3, "background_closing_wy": 3}, 
          "type": "background_closing"
        }, 
        {
          "settings": {"morphology_open_wx": 17, "morphology_open_wy": 0}, 
          "type": "morphology_open"
        }, 
        {
          "settings": {"morphology_close_wx": 4, "morphology_close_wy": 4}, 
          "type": "morphology_close"
        }, 
        {
          "settings": {"autocontrast_satur_black": 0.0, "autocontrast_satur_white": 0.05}, 
          "type": "autocontrast"
        }, 
        {
          "settings": {"height_downscale": 1.0, "width_downscale": 0.5}, 
          "type": "angle_detection"
        }
      ], 
      "settings": {}
    }, 
    "settings": {
      "default_gap_dp_cost": 0.0, 
      "default_gap_otsu_cost": 0.7, 
      "gap_bot": 4, 
      "gap_left": 8, 
      "gap_right": 15, 
      "gap_top": 4, 
      "grid_step_x": 1, 
      "grid_step_y": 1, 
      "local_otsu_window_wing": -1, 
      "rejection_threshold": 0.15, 
      "score_type": "otsu"
    }
  }, 
  "type": "dynamic"
}