{
  "mclass": "VerticalSegmentator", 
  "settings": {
    "layout": [
      {"delta_height": 50, "height": 60, "line_type": "gap"}, 
      {
        "delta_height": 10, 
        "fields": [
          {"delta_width": 80, "field_type": "gap", "width": 240}, 
          {
            "cost": 1, 
            "delta_width": 30, 
            "field_name": "trash", 
            "field_type": "text", 
            "is_optional": false, 
            "width": 50
          }, 
          {"delta_width": 15, "field_type": "gap", "width": 100}, 
          {
            "cost": 1, 
            "delta_width": 30, 
            "field_name": "trash", 
            "field_type": "text", 
            "is_optional": false, 
            "width": 50
          }, 
          {"delta_width": 15, "field_type": "gap", "width": 145}, 
          {
            "cost": 1, 
            "delta_width": 30, 
            "field_name": "trash", 
            "field_type": "text", 
            "is_optional": false, 
            "width": 50
          }, 
          {"delta_width": 150, "field_type": "gap", "width": 200}
        ], 
        "height": 25, 
        "line_type": "text"
      }, 
      {"delta_height": 10, "height": 20, "line_type": "gap"}, 
      {
        "delta_height": 10, 
        "fields": [
          {"delta_width": 45, "field_type": "gap", "width": 50}, 
          {
            "cost": 1, 
            "delta_width": 15, 
            "field_name": "trash", 
            "field_type": "text", 
            "is_optional": false, 
            "width": 35
          }, 
          {"delta_width": 25, "field_type": "gap", "width": 155}, 
          {
            "cost": 0.6, 
            "delta_width": 15, 
            "field_name": "issue_date_category_a", 
            "field_type": "text", 
            "is_optional": true, 
            "width": 125
          }, 
          {"delta_width": 15, "field_type": "gap", "width": 25}, 
          {
            "cost": 0.6, 
            "delta_width": 15, 
            "field_name": "expiry_date_category_a", 
            "field_type": "text", 
            "is_optional": true, 
            "width": 125
          }, 
          {"delta_width": 15, "field_type": "gap", "width": 25}, 
          {
            "cost": 0.6, 
            "delta_width": 215, 
            "field_name": "restrictions_category_a", 
            "field_type": "text", 
            "is_optional": true, 
            "width": 225
          }, 
          {"delta_width": 250, "field_type": "gap", "width": 250}
        ], 
        "height": 25, 
        "line_type": "text"
      }, 
      {"delta_height": 10, "height": 15, "line_type": "gap"}, 
      {
        "delta_height": 10, 
        "fields": [
          {"delta_width": 45, "field_type": "gap", "width": 50}, 
          {
            "cost": 1, 
            "delta_width": 15, 
            "field_name": "trash", 
            "field_type": "text", 
            "is_optional": false, 
            "width": 35
          }, 
          {"delta_width": 25, "field_type": "gap", "width": 155}, 
          {
            "cost": 0.6, 
            "delta_width": 15, 
            "field_name": "issue_date_category_b", 
            "field_type": "text", 
            "is_optional": true, 
            "width": 125
          }, 
          {"delta_width": 15, "field_type": "gap", "width": 25}, 
          {
            "cost": 0.6, 
            "delta_width": 15, 
            "field_name": "expiry_date_category_b", 
            "field_type": "text", 
            "is_optional": true, 
            "width": 125
          }, 
          {"delta_width": 15, "field_type": "gap", "width": 25}, 
          {
            "cost": 0.6, 
            "delta_width": 215, 
            "field_name": "restrictions_category_b", 
            "field_type": "text", 
            "is_optional": true, 
            "width": 225
          }, 
          {"delta_width": 250, "field_type": "gap", "width": 250}
        ], 
        "height": 25, 
        "line_type": "text"
      }, 
      {"delta_height": 10, "height": 15, "line_type": "gap"}, 
      {
        "delta_height": 10, 
        "fields": [
          {"delta_width": 45, "field_type": "gap", "width": 50}, 
          {
            "cost": 1, 
            "delta_width": 15, 
            "field_name": "trash", 
            "field_type": "text", 
            "is_optional": false, 
            "width": 35
          }, 
          {"delta_width": 25, "field_type": "gap", "width": 155}, 
          {
            "cost": 0.6, 
            "delta_width": 15, 
            "field_name": "issue_date_category_c", 
            "field_type": "text", 
            "is_optional": true, 
            "width": 125
          }, 
          {"delta_width": 15, "field_type": "gap", "width": 25}, 
          {
            "cost": 0.6, 
            "delta_width": 15, 
            "field_name": "expiry_date_category_c", 
            "field_type": "text", 
            "is_optional": true, 
            "width": 125
          }, 
          {"delta_width": 15, "field_type": "gap", "width": 25}, 
          {
            "cost": 0.6, 
            "delta_width": 215, 
            "field_name": "restrictions_category_c", 
            "field_type": "text", 
            "is_optional": true, 
            "width": 225
          }, 
          {"delta_width": 250, "field_type": "gap", "width": 250}
        ], 
        "height": 25, 
        "line_type": "text"
      }, 
      {"delta_height": 10, "height": 20, "line_type": "gap"}, 
      {
        "delta_height": 10, 
        "fields": [
          {"delta_width": 45, "field_type": "gap", "width": 50}, 
          {
            "cost": 1, 
            "delta_width": 15, 
            "field_name": "trash", 
            "field_type": "text", 
            "is_optional": false, 
            "width": 35
          }, 
          {"delta_width": 25, "field_type": "gap", "width": 155}, 
          {
            "cost": 0.6, 
            "delta_width": 15, 
            "field_name": "issue_date_category_d", 
            "field_type": "text", 
            "is_optional": true, 
            "width": 125
          }, 
          {"delta_width": 15, "field_type": "gap", "width": 25}, 
          {
            "cost": 0.6, 
            "delta_width": 15, 
            "field_name": "expiry_date_category_d", 
            "field_type": "text", 
            "is_optional": true, 
            "width": 125
          }, 
          {"delta_width": 15, "field_type": "gap", "width": 25}, 
          {
            "cost": 0.6, 
            "delta_width": 215, 
            "field_name": "restrictions_category_d", 
            "field_type": "text", 
            "is_optional": true, 
            "width": 225
          }, 
          {"delta_width": 250, "field_type": "gap", "width": 250}
        ], 
        "height": 25, 
        "line_type": "text"
      }, 
      {"delta_height": 10, "height": 15, "line_type": "gap"}, 
      {
        "delta_height": 10, 
        "fields": [
          {"delta_width": 45, "field_type": "gap", "width": 50}, 
          {
            "cost": 1, 
            "delta_width": 15, 
            "field_name": "trash", 
            "field_type": "text", 
            "is_optional": false, 
            "width": 35
          }, 
          {"delta_width": 25, "field_type": "gap", "width": 155}, 
          {
            "cost": 0.6, 
            "delta_width": 15, 
            "field_name": "issue_date_category_be", 
            "field_type": "text", 
            "is_optional": true, 
            "width": 125
          }, 
          {"delta_width": 15, "field_type": "gap", "width": 25}, 
          {
            "cost": 0.6, 
            "delta_width": 15, 
            "field_name": "expiry_date_category_be", 
            "field_type": "text", 
            "is_optional": true, 
            "width": 125
          }, 
          {"delta_width": 15, "field_type": "gap", "width": 25}, 
          {
            "cost": 0.6, 
            "delta_width": 215, 
            "field_name": "restrictions_category_be", 
            "field_type": "text", 
            "is_optional": true, 
            "width": 225
          }, 
          {"delta_width": 250, "field_type": "gap", "width": 250}
        ], 
        "height": 25, 
        "line_type": "text"
      }, 
      {"delta_height": 10, "height": 20, "line_type": "gap"}, 
      {
        "delta_height": 10, 
        "fields": [
          {"delta_width": 45, "field_type": "gap", "width": 50}, 
          {
            "cost": 1, 
            "delta_width": 15, 
            "field_name": "trash", 
            "field_type": "text", 
            "is_optional": false, 
            "width": 35
          }, 
          {"delta_width": 25, "field_type": "gap", "width": 155}, 
          {
            "cost": 0.6, 
            "delta_width": 15, 
            "field_name": "issue_date_category_ce", 
            "field_type": "text", 
            "is_optional": true, 
            "width": 125
          }, 
          {"delta_width": 15, "field_type": "gap", "width": 25}, 
          {
            "cost": 0.6, 
            "delta_width": 15, 
            "field_name": "expiry_date_category_ce", 
            "field_type": "text", 
            "is_optional": true, 
            "width": 125
          }, 
          {"delta_width": 15, "field_type": "gap", "width": 25}, 
          {
            "cost": 0.6, 
            "delta_width": 215, 
            "field_name": "restrictions_category_ce", 
            "field_type": "text", 
            "is_optional": true, 
            "width": 225
          }, 
          {"delta_width": 250, "field_type": "gap", "width": 250}
        ], 
        "height": 25, 
        "line_type": "text"
      }, 
      {"delta_height": 10, "height": 20, "line_type": "gap"}, 
      {
        "delta_height": 10, 
        "fields": [
          {"delta_width": 45, "field_type": "gap", "width": 50}, 
          {
            "cost": 1, 
            "delta_width": 15, 
            "field_name": "trash", 
            "field_type": "text", 
            "is_optional": false, 
            "width": 35
          }, 
          {"delta_width": 25, "field_type": "gap", "width": 155}, 
          {
            "cost": 0.6, 
            "delta_width": 15, 
            "field_name": "issue_date_category_de", 
            "field_type": "text", 
            "is_optional": true, 
            "width": 125
          }, 
          {"delta_width": 15, "field_type": "gap", "width": 25}, 
          {
            "cost": 0.6, 
            "delta_width": 15, 
            "field_name": "expiry_date_category_de", 
            "field_type": "text", 
            "is_optional": true, 
            "width": 125
          }, 
          {"delta_width": 15, "field_type": "gap", "width": 25}, 
          {
            "cost": 0.6, 
            "delta_width": 215, 
            "field_name": "restrictions_category_de", 
            "field_type": "text", 
            "is_optional": true, 
            "width": 225
          }, 
          {"delta_width": 250, "field_type": "gap", "width": 250}
        ], 
        "height": 25, 
        "line_type": "text"
      }, 
      {"delta_height": 10, "height": 20, "line_type": "gap"}, 
      {
        "delta_height": 10, 
        "fields": [
          {"delta_width": 40, "field_type": "gap", "width": 50}, 
          {
            "cost": 1, 
            "delta_width": 20, 
            "field_name": "trash", 
            "field_type": "text", 
            "is_optional": false, 
            "width": 125
          }, 
          {"delta_width": 15, "field_type": "gap", "width": 70}, 
          {
            "cost": 0.6, 
            "delta_width": 15, 
            "field_name": "issue_date_category_tm", 
            "field_type": "text", 
            "is_optional": true, 
            "width": 125
          }, 
          {"delta_width": 15, "field_type": "gap", "width": 25}, 
          {
            "cost": 0.6, 
            "delta_width": 15, 
            "field_name": "expiry_date_category_tm", 
            "field_type": "text", 
            "is_optional": true, 
            "width": 125
          }, 
          {"delta_width": 15, "field_type": "gap", "width": 25}, 
          {
            "cost": 0.6, 
            "delta_width": 215, 
            "field_name": "restrictions_category_tm", 
            "field_type": "text", 
            "is_optional": true, 
            "width": 225
          }, 
          {"delta_width": 250, "field_type": "gap", "width": 250}
        ], 
        "height": 25, 
        "line_type": "text"
      }, 
      {"delta_height": 10, "height": 20, "line_type": "gap"}, 
      {
        "delta_height": 10, 
        "fields": [
          {"delta_width": 40, "field_type": "gap", "width": 50}, 
          {
            "cost": 1, 
            "delta_width": 15, 
            "field_name": "trash", 
            "field_type": "text", 
            "is_optional": false, 
            "width": 155
          }, 
          {"delta_width": 15, "field_type": "gap", "width": 30}, 
          {
            "cost": 0.6, 
            "delta_width": 15, 
            "field_name": "issue_date_category_tb", 
            "field_type": "text", 
            "is_optional": true, 
            "width": 125
          }, 
          {"delta_width": 15, "field_type": "gap", "width": 25}, 
          {
            "cost": 0.6, 
            "delta_width": 15, 
            "field_name": "expiry_date_category_tb", 
            "field_type": "text", 
            "is_optional": true, 
            "width": 125
          }, 
          {"delta_width": 15, "field_type": "gap", "width": 25}, 
          {
            "cost": 0.6, 
            "delta_width": 215, 
            "field_name": "restrictions_category_tb", 
            "field_type": "text", 
            "is_optional": true, 
            "width": 225
          }, 
          {"delta_width": 250, "field_type": "gap", "width": 250}
        ], 
        "height": 25, 
        "line_type": "text"
      }, 
      {"delta_height": 10, "height": 25, "line_type": "gap"}, 
      {
        "delta_height": 10, 
        "fields": [
          {"delta_width": 40, "field_type": "gap", "width": 50}, 
          {
            "cost": 1, 
            "delta_width": 15, 
            "field_name": "trash", 
            "field_type": "text", 
            "is_optional": false, 
            "width": 30
          }, 
          {"delta_width": 15, "field_type": "gap", "width": 30}, 
          {
            "cost": 0.6, 
            "delta_width": 610, 
            "field_name": "remarks", 
            "field_type": "text", 
            "is_optional": true, 
            "width": 620,
            "gap_bot": 4,
            "gap_top": 4
          }, 
          {"delta_width": 620, "field_type": "gap", "width": 620}
        ], 
        "height": 25, 
        "line_type": "text"
      }, 
      {"delta_height": 30, "height": 40, "line_type": "gap"}
    ], 
    "preprocessing": {
      "processing_steps": [
        {"settings": {"blink_removing_percent": 0.1}, "type": "blink_removing"}, 
        {
          "settings": {"background_closing_wx": 6, "background_closing_wy": 6}, 
          "type": "background_closing"
        }, 
        {
          "settings": {"morphology_open_wx": 12, "morphology_open_wy": 0}, 
          "type": "morphology_open"
        }, 
        {
          "settings": {"morphology_close_wx": 4, "morphology_close_wy": 4}, 
          "type": "morphology_close"
        }, 
        {
          "settings": {
            "autocontrast_satur_black": 0.01, 
            "autocontrast_satur_white": 0.3
          }, 
          "type": "autocontrast"
        }, 
        {
          "settings": {"height_downscale": 1.0, "width_downscale": 0.5}, 
          "type": "angle_detection"
        }
      ], 
      "settings": {}
    }, 
    "settings": {
      "default_gap_dp_cost": 0.0, 
      "default_gap_otsu_cost": 0.7, 
      "gap_bot": 1, 
      "gap_left": 4, 
      "gap_right": 10, 
      "gap_top": 1, 
      "grid_step_x": 1, 
      "grid_step_y": 1, 
      "local_otsu_window_wing": -1, 
      "rejection_threshold": 0.15, 
      "score_type": "otsu"
    }
  }, 
  "type": "dynamic"
}