{
  "mclass": "VerticalSegmentator", 
  "settings": {
    "layout": [
      {"delta_height": 20, "height": 20, "line_type": "gap"}, 
      {
        "delta_height": 10, 
        "fields": [
          {"delta_width": 30, "field_type": "gap", "width": 80}, 
          {
            "cost": 1.0, 
            "delta_width": 10, 
            "field_name": "authority1", 
            "field_type": "text", 
            "width": 30
          }, 
          {"delta_width": 30, "field_type": "gap", "width": 80}
        ], 
        "height": 25, 
        "line_type": "text"
      }, 
      {"delta_height": 10, "height": 15, "line_type": "gap"}, 
      {
        "delta_height": 10, 
        "fields": [
          {"delta_width": 20, "field_type": "gap", "width": 55}, 
          {
            "cost": 1.0, 
            "delta_width": 15, 
            "field_name": "authority0", 
            "field_type": "text", 
            "width": 80
          }, 
          {"delta_width": 20, "field_type": "gap", "width": 55}
        ], 
        "height": 25, 
        "line_type": "text"
      }, 
      {"delta_height": 10, "height": 15, "line_type": "gap"}, 
      {
        "delta_height": 10, 
        "fields": [
          {"delta_width": 30, "field_type": "gap", "width": 80}, 
          {
            "cost": 1.0, 
            "delta_width": 10, 
            "field_name": "authority2", 
            "field_type": "text", 
            "width": 30
          }, 
          {"delta_width": 30, "field_type": "gap", "width": 80}
        ], 
        "height": 25, 
        "line_type": "text"
      }, 
      {"delta_height": 200, "height": 200, "line_type": "gap"}
    ], 
    "preprocessing": {
      "processing_steps": [
        {"settings": {"blink_removing_percent": 0.1}, "type": "blink_removing"}, 
        {
          "settings": {"background_closing_wx": 3, "background_closing_wy": 3}, 
          "type": "background_closing"
        }, 
        {
          "settings": {"morphology_open_wx": 3, "morphology_open_wy": 1}, 
          "type": "morphology_open"
        }, 
        {
          "settings": {
            "autocontrast_satur_black": 0.01, 
            "autocontrast_satur_white": 0.05
          }, 
          "type": "autocontrast"
        }, 
        {
          "settings": {"height_downscale": 1.0, "width_downscale": 0.25}, 
          "type": "angle_detection"
        }
      ], 
      "settings": {}
    }, 
    "settings": {
      "default_gap_dp_cost": 0.0, 
      "default_gap_otsu_cost": 0.3, 
      "gap_bot": 6, 
      "gap_left": 7, 
      "gap_right": 7, 
      "gap_top": 6, 
      "grid_step_x": 1, 
      "grid_step_y": 1, 
      "rejection_threshold": 0.15, 
      "score_type": "otsu"
    }
  }, 
  "type": "dynamic"
}