{
  "enable_multithreading": false,
  "max_iter_count": 1,
  "new_find_read_scheme": true,
  "parm1d": {
    "try_harder": false,
    "_comment":"BIN_BARCODE - barcode zone, BIN_PAGE - full page, BIN_ROW - one line of the raster",
    "bin_level": "BIN_ROW",
    "fullpage_grid": false,
    "use_clust_detector": false,
    "detect_best": false,
    "clust1": {
      "coef_height_med": 0.8,
      "dist_align_max": 20,
      "dist_center_2_seg_max": 4900,
      "dist_phi_max": 0.0872664611111111
    },
    "clust2": {
      "dist_phi_max": 0.0872664611111111,
      "max_height_diff": 0.6,
      "max_shadow_vert_diff": 0.4
    },
    "det_area_enhance_rate": 0.1,
    "gap_rate_clust_merge": -0.5,
    "min_bar_count": 20,
    "min_barcode_width": 200,
    "segment_detection_config_path": "segment_detection_oned_config.json",
    "square_intersect_rate": 0.5
  }, 
  "parm2d": {
    "aztec": {
        "binarizer":{
          "hybrid":{
            "block_size":4
          }
        },
        "compact":"greedy_matcher_grid_extractor"
    },
    "datamatrix": {
      "segment_detection":{
        "type": "new",
        "settings":{
          "segment_detection_config_path": "segment_detection_datamatrix_config.json",
          "fixed_length_max_side": 720,
          "morphology_wing_x":2,
          "morphology_wing_y":2,
          "with_preprocessing": true
        }
      }
    },
    "finder_engine": {
      "mclass": "BarFinderEngine",
      "settings": {
        "dilate_wing": 1,
        "final_threshold": 0.002,
        "min_size_in_patch": 3,
        "open_wing": 3,
        "patch_size": 50
      },
      "type": "dummy"
    },
    "pdf417": {"localize_barcode": true, "quad_locator": "common"},
    "qrcode": {
      "fp_detector": {
        "type":"common",
        "settings":{}
      },
      "fp_filter": "original",
      "segment_detection_config_path": "segment_detection_qr_config.json"
    },
    "scale": 1.0,
    "try_harder": false
  },
  "search_multi": false,
  "use_global": true,
  "use_hybrid": true
}
