[
    {
        "descriptors": [
            {
                "angle": 0,
                "path": "variants/rus.id.soldier.type1.front.smp1_0.desc"
            },
            {
                "angle": 90,
                "path": "variants/rus.id.soldier.type1.front.smp1_1.desc"
            },
            {
                "angle": 180,
                "path": "variants/rus.id.soldier.type1.front.smp1_2.desc"
            },
            {
                "angle": 270,
                "path": "variants/rus.id.soldier.type1.front.smp1_3.desc"
            }
        ],
        "keypoints": "variants/rus.id.soldier.type1.front.smp1.txt",
        "(source)": "sources/rus.id.soldier.type1.front.smp1.png"
    }
]