{
  "common_options": {},
  "documents": [
    "docs/mrz/mrz.json",
    "docs/rus.birth_certificate/rus.birth_certificate.type1.json",
    "docs/rus.birth_certificate/rus.birth_certificate.type2.json",
    "docs/rus.name_change_certificate/rus.name_change_certificate.type1.json",
    "docs/rus.death_certificate/rus.death_certificate.type1.json",
    "docs/rus.divorce_certificate/rus.divorce_certificate.type1.json",
    "docs/rus.drvlic/rus.drvlic.type1_with_dp.json",
    "docs/rus.drvlic/rus.drvlic.type2_with_dp.json",
    "docs/rus.drvlic/rus.drvlic.type3.json",
    "docs/rus.employment_record/rus.employment_record.type1.json",
    "docs/rus.employment_record/rus.employment_record.type2.json",
    "docs/rus.id/rus.id.lawyer.type1.json",
    "docs/rus.id/rus.id.military.type1.json",
    "docs/rus.id/rus.id.military.type2.json",
    "docs/rus.id/rus.id.military.type3.json",
    "docs/rus.id/rus.id.military.type4.json",
    "docs/rus.id/rus.id.military.type5.json",
    "docs/rus.id/rus.id.police.type1.json",
    "docs/rus.id/rus.id.prosecutor.type1.json",
    "docs/rus.id/rus.id.prosecutor.type2.json",
    "docs/rus.id/rus.id.soldier.type1.json",
    "docs/rus.inn/rus.inn.entity.type1.json",
    "docs/rus.inn/rus.inn.entity.type2.json",
    "docs/rus.inn/rus.inn.citizen.type1.json",
    "docs/rus.inn/rus.inn.citizen.type2.json",
    "docs/rus.inn/rus.inn.citizen.type3.json",
    "docs/rus.inn/rus.inn.citizen.type4.json",
    "docs/rus.marriage_certificate/rus.marriage_certificate.type1.json",
    "docs/rus.marriage_certificate/rus.marriage_certificate.type2.json",
    "docs/rus.migration_card/rus.migration_card.type1.json",
    "docs/rus.oms/rus.oms.type1.json",
    "docs/rus.oms/rus.oms.type2.json",
    "docs/rus.oms/rus.oms.type3.json",
    "docs/rus.oms/rus.oms.type4.json",
    "docs/rus.passport.international/rus.passport.biometric.json",
    "docs/rus.passport.international/rus.passport.international.json",
    "docs/rus.passport.national/rus.passport.national_anywhere.json",
    "docs/rus.pts/rus.pts.type1.json",
    "docs/rus.residence.old/rus.residence.old.json",
    "docs/rus.residence.biometric/rus.residence.biometric.json",
    "docs/rus.visa/rus.visa.type1.json",
    "docs/rus.work_permit/rus.work_permit.type1.json",
    "docs/rus.workshop_card/rus.workshop_card.type1.json",
    "docs/snils/rus.snils.type1.json",
    "docs/snils/rus.snils.type2.json",
    "docs/stsrus/rus.sts.new.json",
    "docs/stsrus/rus.sts.old.json"
  ],
  "engines": {
    "smartid": {
      "doctypes": [
        "mrz.mrp",
        "mrz.td1",
        "mrz.ecu.id",
        "mrz.td2",
        "mrz.mrva",
        "mrz.mrvb",
        "mrz.rus.visa",
        "mrz.fra.id",
        "mrz.rus.passport",
        "mrz.che.drvlic",
        "mrz.bgr.vrd",
        "rus.birth_certificate.type1",
        "rus.birth_certificate.type2",
        "rus.name_change_certificate.type1",
        "rus.death_certificate.type1",
        "rus.divorce_certificate.type1",
        "rus.drvlic.type1",
        "rus.drvlic.type2",
        "rus.drvlic.type3",
        "rus.employment_record.type1",
        "rus.employment_record.type2",
        "rus.id.police.type1",
        "rus.id.lawyer.type1",
        "rus.id.military.type1",
        "rus.id.military.type2",
        "rus.id.military.type3",
        "rus.id.military.type4",
        "rus.id.military.type5",
        "rus.id.prosecutor.type1",
        "rus.id.prosecutor.type2",
        "rus.id.soldier.type1",
        "rus.inn.entity.type1",
        "rus.inn.entity.type2",
        "rus.inn.citizen.type1",
        "rus.inn.citizen.type2",
        "rus.inn.citizen.type3",
        "rus.inn.citizen.type4",
        "rus.marriage_certificate.type1",
        "rus.marriage_certificate.type2",
        "rus.migration_card.type1",
        "rus.oms.type1",
        "rus.oms.type2",
        "rus.oms.type3",
        "rus.oms.type4",
        "rus.passport.biometric",
        "rus.passport.national",
        "rus.passport.international",
        "rus.pts.type1",
        "rus.residence.old",
        "rus.residence.biometric",
        "rus.snils.type1",
        "rus.snils.type2",
        "rus.sts.new",
        "rus.sts.old",
        "rus.visa.type1",
        "rus.work_permit.type1",
        "rus.workshop_card.type1"
      ],
      "options": {
        "extractFieldImages": "false",
        "extractPhoto": "true",
        "extractTemplateImages": "false"
      },
      "path": "anyrus_anywhere.json",
      "type": "smartid_engine"
    }
  },
  "tplfinder": "docs/anyrus/anyrus_tplfinder_config_anywhere.json",
  "type": "smartid_bundle"
}