{
  "type": "smartid_bundle",
  "engines": {
    "barcode": {
      "doctypes": [ "barcode" ], 
      "options": { }, 
      "path": "barcode.json"
    },    
    "card": {
      "type": "smartid_engine",
      "path": "cardreader.json",
      "options": {
      },
      "doctypes": [
        "card.embossed", "card.indent", "card.freeform"
      ]
    },
    "document_crop": {
      "doctypes": ["crop"], 
      "options": { }, 
      "path": "document_crop.json"
    },     
    "mrz": {
      "type": "smartid_engine",
      "path": "mrz_anywhere.json",
      "options": {
      },
      "doctypes": [
        "mrz.mrp",
        "mrz.td1",
        "mrz.ecu.id",
        "mrz.td2",
        "mrz.mrva",
        "mrz.mrvb",
        "mrz.rus.visa",
        "mrz.fra.id",
        "mrz.rus.passport",
        "mrz.che.drvlic",
        "mrz.bgr.vrd"
      ]
    },
    "rus.2p": {
      "doctypes": ["rus.2p.type1"], 
      "options": { }, 
      "path": "rus.2p_anywhere.json"
    },
    "rus.passport": {
      "type": "smartid_engine",
      "path": "rus.passport.national_anywhere.json",
      "options": {        
        "extractPhoto": "true",
        "extractSignature": "true",
        "extractTemplateImages": "false",
        "extractFieldImages": "false",
        "extractFieldImagesUsingTemplate": "false",
        "enableCheck0000000000001": "true",
      "enableCheck0000643000001": "true",
      "enableCheck0000643000002": "true",
      "enableCheck1000000005001": "true",
      "enableCheck0000000000002": "true",
      "enableCheck0000643000003": "true",
      "enableCheck1000643003002": "true",
      "enableCheck0000643000004": "true",
      "enableCheck0000643000005": "true",
      "enableCheck1000643005001": "true",
      "enableCheck0000000001001": "true",
      "enableCheck1000643003001": "true",
      "enableCheck0000000000003": "true",
      "enableCheck0000000000004": "true",
        "enableCheck1000000007001": "true"
      },
      "doctypes": [
        "rus.passport.national"
      ]
    },
    "rus.passport.registration": {
      "doctypes": [ "rus.passport.registration" ],
      "options": { },
      "path": "rus.passport.registration_anywhere.json"
    },
    "rus.passport.previous": {
      "doctypes": [ "rus.passport.previous" ],
      "options": { },
      "path": "rus.passport.previous_anywhere.json"
    },
    "rus.drvlic": {
      "options": {
        "extractFieldImages": "false",
        "extractPhoto": "true",
        "extractTemplateImages": "false"
      },
      "doctypes": [
        "rus.drvlic.type1",
        "rus.drvlic.type2",
        "rus.drvlic.type3"
      ],
      "type": "smartid_engine",
      "path": "rus.drvlic_anywhere.json"
    },
    "rus.employment_record": {
      "doctypes": [ "rus.employment_record.type1", "rus.employment_record.type2" ],
      "options": { },
      "type": "smartid_engine",
      "path": "rus.employment_record_anywhere.json"
    },  
    "rus.sts": {
      "options": {
        "extractFieldImages": "false",
        "extractPhoto": "true",
        "extractTemplateImages": "false"
      },
      "doctypes": [
        "rus.sts.new",
        "rus.sts.old"
      ],
      "type": "smartid_engine",
      "path": "stsrecog_anywhere.json"
    },
    "rus.snils": {
      "options": {
        "extractFieldImages": "false",
        "extractPhoto": "true",
        "extractTemplateImages": "false"
      },
      "doctypes": [
        "rus.snils.type1",
        "rus.snils.type2"
      ],
      "type": "smartid_engine",
      "path": "snils_anywhere.json"
    },
    "rus.birth_certificate": {
      "options": {
        "extractFieldImages": "false",
        "extractPhoto": "false",
        "extractTemplateImages": "false"
      },
      "doctypes": [
        "rus.birth_certificate.type1"
      ],
      "type": "smartid_engine",
      "path": "rus.birth_certificate.json"
    },
    "rus.name_change_certificate": {
      "doctypes": [
        "rus.name_change_certificate.type1"
      ], 
      "options": {}, 
      "path": "rus.name_change_certificate_anywhere.json"
    },
    "rus.passport.international": {
      "doctypes": [ "rus.passport.biometric", "rus.passport.international" ],
      "options": { },
      "path": "rus.passport.international_anywhere.json"
    },
    "rus.visa": {
      "doctypes": [ "rus.visa.type1" ],      
      "options": { },
      "path": "rus.visa_anywhere.json"
    },
    "rus.inn": {
      "doctypes": ["rus.inn.entity.type1", "rus.inn.entity.type2",
                   "rus.inn.citizen.type1", "rus.inn.citizen.type2",
                   "rus.inn.citizen.type3", "rus.inn.citizen.type4"],      
      "options": { },
      "path": "rus.inn_anywhere.json"
    },
    "rus.id": {
      "doctypes": [
        "rus.id.police.type1",        
        "rus.id.lawyer.type1",
        "rus.id.military.type1", 
        "rus.id.military.type2",
        "rus.id.military.type3",        
        "rus.id.military.type4",
        "rus.id.military.type5",
        "rus.id.soldier.type1",
        "rus.id.prosecutor.type1",
        "rus.id.prosecutor.type2"
      ],
      "options": { },
      "path": "rus.id_anywhere.json"
    },
    "rus.marriage_certificate": {
      "doctypes": [
        "rus.marriage_certificate.type1",
        "rus.marriage_certificate.type2"
      ], 
      "options": { }, 
      "path": "rus.marriage_certificate_anywhere.json"
    },
    "rus.death_certificate": {
      "doctypes": ["rus.death_certificate.type1"], 
      "options": { }, 
      "path": "rus.death_certificate_anywhere.json"
    },
    "rus.divorce_certificate": {
      "doctypes": ["rus.divorce_certificate.type1"], 
      "options": { }, 
      "path": "rus.divorce_certificate_anywhere.json"
    },
    "rus.oms": {
      "doctypes": [
        "rus.oms.type1",
        "rus.oms.type2",
        "rus.oms.type3",
        "rus.oms.type4"
      ], 
      "options": { }, 
      "path": "rus.oms_anywhere.json"
    },
    "rus.migration_card": {
      "doctypes": ["rus.migration_card.type1"], 
      "options": { }, 
      "path": "rus.migration_card_anywhere.json"
    },
    "rus.work_permit": {
      "doctypes": ["rus.work_permit.type1"], 
      "options": { }, 
      "path": "rus.work_permit_anywhere.json"
    },
    "rus.workshop_card": {
      "doctypes": ["rus.workshop_card.type1"], 
      "options": { }, 
      "path": "rus.workshop_card_anywhere.json"
    },
    "rus.pts": {
      "doctypes": ["rus.pts.type1"], 
      "options": { }, 
      "path": "rus.pts_anywhere.json"
    },
    "rus.residence": {
      "doctypes": ["rus.residence.old", "rus.residence.biometric"], 
      "options": { }, 
      "path": "rus.residence_anywhere.json"
    },
    "rus.forms": {
      "doctypes": ["rus.cpti.type1"], 
      "options": { }, 
      "path": "rus.forms.json"    
    },
    "anyrus": {
      "mode": "anyrus",
      "options": { }, 
      "doctypes": [
        "mrz.mrp",
        "mrz.td1",
        "mrz.ecu.id",
        "mrz.td2",
        "mrz.mrva",
        "mrz.mrvb",
        "mrz.rus.visa",
        "mrz.fra.id",
        "mrz.rus.passport",
        "mrz.che.drvlic",
        "mrz.bgr.vrd",
        "rus.birth_certificate.type1",
        "rus.name_change_certificate.type1",
        "rus.death_certificate.type1",
        "rus.divorce_certificate.type1",
        "rus.drvlic.type1",
        "rus.drvlic.type2",
        "rus.drvlic.type3",
        "rus.employment_record.type1",
        "rus.employment_record.type2",
        "rus.id.police.type1",
        "rus.id.lawyer.type1",
        "rus.id.military.type1",
        "rus.id.military.type2",
        "rus.id.military.type3",
        "rus.id.military.type4",
        "rus.id.military.type5",
        "rus.id.prosecutor.type1",
        "rus.id.prosecutor.type2",
        "rus.id.soldier.type1",
        "rus.inn.entity.type1",
        "rus.inn.entity.type2",
        "rus.inn.citizen.type1",
        "rus.inn.citizen.type2",
        "rus.inn.citizen.type3",
        "rus.inn.citizen.type4",
        "rus.marriage_certificate.type1",
        "rus.marriage_certificate.type2",
        "rus.migration_card.type1",
        "rus.oms.type1",
        "rus.oms.type2",
        "rus.oms.type3",
        "rus.oms.type4",
        "rus.passport.biometric",
        "rus.passport.national",
        "rus.passport.international",
        "rus.pts.type1",
        "rus.residence.old",
        "rus.residence.biometric",
        "rus.snils.type1",
        "rus.snils.type2",
        "rus.sts.new",
        "rus.sts.old",
        "rus.visa.type1",
        "rus.work_permit.type1",
        "rus.workshop_card.type1"
      ], 
      "path": "anyrus_anywhere.json"
    }
  },
  "common_options": {
    "enableForensics": "true",
    "sessionTimeout": "5.0"    
  }
}