{
  "mclass": "VerticalSegmentator", 
  "settings": {
    "layout": [
      {"objects": [{"name": "series"}, {"is_optional": true}, {"name": "number"}]}, 
      {"is_optional": true}
    ], 
    "processing": {
      "autocontrast_satur_black": 0.05, 
      "autocontrast_satur_white": 0.05, 
      "background_closing_wx": 4, 
      "background_closing_wy": 4, 
      "blink_removing_percent": 0.1, 
      "deskewer": ":/mixangler/common_deskewer.json", 
      "morphology_close_wx": 4, 
      "morphology_close_wy": 2, 
      "morphology_open_wx": 13, 
      "morphology_open_wy": 3, 
      "use_angle_detector": true, 
      "use_autocontrast": true, 
      "use_background_closing": true, 
      "use_blink_removing": false, 
      "use_morphology_close": false, 
      "use_morphology_open": true, 
      "use_saturation": false
    }, 
    "settings": {
      "max_v_size": 60, 
      "min_h_gap": 30, 
      "min_h_size": 25, 
      "min_v_size": 13, 
      "step_x": 19, 
      "step_y": 15
    }
  }, 
  "type": "common"
}