{
  "mclass": "VerticalSegmentator", 
  "settings": {
    "layout": [
      {"objects": [{"is_optional": true}, {"name": "surname_partner1"}]}, 
      {"objects": [{"name": "name_and_patronymic_partner1"}]}, 
      {"is_optional": true, "objects": [{"name": "authority_partner1"}]}, 
      {
        "objects": [
          {"is_optional": true}, 
          {"name": "birth_day_partner1"}, 
          {"name": "birth_month_partner1"}, 
          {"name": "birth_year_partner1"}
        ]
      }
    ], 
    "processing": {
      "autocontrast_satur_black": 0.02, 
      "autocontrast_satur_white": 0.05, 
      "background_closing_wx": 8, 
      "background_closing_wy": 4, 
      "blink_removing_percent": 0.1, 
      "deskewer": ":/mixangler/common_deskewer.json", 
      "morphology_close_wx": 3, 
      "morphology_close_wy": 6, 
      "morphology_open_wx": 21, 
      "morphology_open_wy": 0, 
      "use_angle_detector": true, 
      "use_autocontrast": true, 
      "use_background_closing": true, 
      "use_blink_removing": false, 
      "use_morphology_close": true, 
      "use_morphology_open": true, 
      "use_saturation": false
    }, 
    "settings": {
      "max_v_size": 60, 
      "min_h_gap": 50, 
      "min_h_size": 40, 
      "min_v_size": 20, 
      "step_x": 30, 
      "step_y": 20
    }
  }, 
  "type": "common"
}