{
  "mclass": "VerticalSegmentator", 
  "settings": {
    "layout": [
      {
        "objects": [
          {"is_optional": true}, 
          {"name": "verdict_day"}, 
          {"name": "verdict_month"}, 
          {"name": "verdict_year"}
        ]
      }
    ], 
    "processing": {
      "autocontrast_satur_black": 0.01, 
      "autocontrast_satur_white": 0.05, 
      "background_closing_wx": 5, 
      "background_closing_wy": 5, 
      "blink_removing_percent": 0.1, 
      "deskewer": ":/mixangler/common_deskewer.json", 
      "morphology_close_wx": 3, 
      "morphology_close_wy": 7, 
      "morphology_open_wx": 11, 
      "morphology_open_wy": 3, 
      "use_angle_detector": true, 
      "use_autocontrast": true, 
      "use_background_closing": true, 
      "use_blink_removing": false, 
      "use_morphology_close": true, 
      "use_morphology_open": true, 
      "use_saturation": false
    }, 
    "settings": {
      "max_v_size": 40, 
      "min_h_gap": 20, 
      "min_h_size": 20, 
      "min_v_size": 25, 
      "step_x": 30, 
      "step_y": 20
    }
  }, 
  "type": "common"
}