{
  "use_blink_removing": false,
  "blink_removing_percent": 0.1,
  "use_background_closing": false,
  "background_closing_wx": 4,
  "background_closing_wy": 4,
  "use_morphology_open": true,
  "morphology_open_wx": 21,
  "morphology_open_wy": 0,
  "use_morphology_close": true,
  "morphology_close_wx": 0,
  "morphology_close_wy": 3,
  "use_autocontrast": false,
  "autocontrast_satur_black": 0.02,
  "autocontrast_satur_white": 0.05,
  "use_angle_detector": false,
  "use_saturation": false,
  "threshold_additional": -0.2
}