{
    "(sample)": "rus.id.military.type3.page2.common/sample.png",
    "features": {
        "content": {
            "(ffe)": ":/docs/rus.id/ffe_config_mobile.json",
            "descriptor_size": 128,
            "descriptor_type": "uint1",
            "rotations": 4,
            "variants": "rus.id.military.type3.page2.common/variants.json"
        },
        "type": "common",
        "mclass": "TemplateFeatures"
    },
    "name": "rus.id.military.type3:page2",
    "size_mm": [
        56.0,
        80.0
    ],
    "size_px": [
        560,
        800
    ]
}
