{
    "(sample)": "rus.id.prosecutor.type1.page2.common/sample.png",
    "features": {
        "content": {
            "(ffe)": "",
            "descriptor_size": 128,
            "descriptor_type": "uint1",
            "rotations": 4,
            "variants": "rus.id.prosecutor.type1.page2.common/variants.json"
        },
        "type": "common",
        "mclass": "TemplateFeatures"
    },
    "name": "rus.id.prosecutor.type1:page2",
    "size_mm": [
        65.0,
        45.0
    ],
    "size_px": [
        650,
        450
    ]
}
