{
    "(sample)": "rus.cpti.type1.main1.common/sample.jpg",
    "features": {
        "content": {
            "(ffe)": ":/docs/mir/ffe_config.json",
            "descriptor_size": 128,
            "descriptor_type": "uint1",
            "rotations": 4,
            "variants": "rus.cpti.type1.main1.common/variants.json"
        },
        "type": "common",
        "mclass": "TemplateFeatures"
    },
    "name": "rus.cpti.type1:main1",
    "size_mm": [
        131.0,
        45.0
    ],
    "size_px": [
        1310,
        450
    ]
}
