{
  "card.freeform:portrait": {
    "config": "templates/card.freeform.portrait.json", 
    "expected_fields": ["number"], 
    "fields": {
      "expiry_date": {"workflow": {"mclass": "FieldProcessingWorkflow", "type": "dummy"}}, 
      "iban": {"workflow": {"mclass": "FieldProcessingWorkflow", "type": "dummy"}}, 
      "name": {"workflow": {"mclass": "FieldProcessingWorkflow", "type": "dummy"}}, 
      "number": {"workflow": {"mclass": "FieldProcessingWorkflow", "type": "dummy"}},
      "multiline_number_0": {"workflow": {"mclass": "FieldProcessingWorkflow", "type": "dummy"}},
      "multiline_number_1": {"workflow": {"mclass": "FieldProcessingWorkflow", "type": "dummy"}},
      "multiline_number_2": {"workflow": {"mclass": "FieldProcessingWorkflow", "type": "dummy"}},
      "multiline_number_3": {"workflow": {"mclass": "FieldProcessingWorkflow", "type": "dummy"}},
      "check_1000000007001": {"workflow": {"mclass": "FieldProcessingWorkflow", "type": "dummy"}}
    }, 
    "formatters": [
      {
        "allow_incomplete_inputs": false, 
        "formatter": ":/postprocessor/spaces_filter.json",
        "input_fields": ["multiline_number_0"],
        "output_fields": ["multiline_number_0"]
      },
      {
        "allow_incomplete_inputs": false, 
        "formatter": ":/postprocessor/spaces_filter.json",
        "input_fields": ["multiline_number_1"],
        "output_fields": ["multiline_number_1"]
      },
      {
        "allow_incomplete_inputs": false, 
        "formatter": ":/postprocessor/spaces_filter.json",
        "input_fields": ["multiline_number_2"],
        "output_fields": ["multiline_number_2"]
      },
      {
        "allow_incomplete_inputs": false, 
        "formatter": ":/postprocessor/spaces_filter.json",
        "input_fields": ["multiline_number_3"],
        "output_fields": ["multiline_number_3"]
      },
      {
        "allow_incomplete_inputs": false, 
         "formatter": "postprocessor/multiline_number_merger_formatter.json", 
         "input_fields": ["multiline_number_0", "multiline_number_1", "multiline_number_2", "multiline_number_3"], 
         "output_fields": ["number"]
      },
      {
        "allow_incomplete_inputs": true, 
        "formatter": "postprocessor/template_confirmer.json", 
        "input_fields": ["number", "iban"], 
        "output_fields": ["__template_confirmed__", "number", "iban"]
      }, 
      {
        "formatter": "postprocessor/freeform_card_expdate_formatter.json", 
        "input_fields": ["expiry_date"]
      }, 
      {
        "formatter": ":/postprocessor/dummy_postprocessor.json", 
        "input_fields": ["name"]
      }, 
      {
        "formatter": ":/postprocessor/dummy_postprocessor.json", 
        "input_fields": ["iban"]
      }
    ], 
    "image_integrators": {"__default__": ":/integrator/default_image_integrator.json"}, 
    "integrators": {
      "__default__": ":/integrator/experimental_rover_integrator.json", 
      "expiry_date": "integrators/expiry_date_integrator_indent.json", 
      "name": "integrators/name_integrator_indent.json", 
      "number": "integrators/number_integrator.json",
      "check_1000000007001": ":/integrator/fraud/check_screen.json"
    }, 
    "postprocessor": [], 
    "size": [540, 856], 
    "zones": {
      "card_zone": {
        "rect": [0, 0, 540, 856], 
        "workflow": "workflow/card_freeform_workflow.json"
      },
      "sth_zone": {
        "rect": [0, 0, 856, 540], 
        "workflow": {
          "mclass": "ZoneProcessingWorkflow", 
          "settings": {
          }, 
          "type": "strips_retriever"
        }
      }
    }
  }
}