{
  "card.indent:front": {
    "config": "templates/card.type2.json", 
    "expected_fields": ["name", "expiry_date", "number"], 
    "field_group_preprocessors": { 
      "text_line_cloner": {
        "workflow": {
          "mclass": "FieldGroupProcessingWorkflow", 
          "settings": {"cloning_map": {"text_line_1": ["text_line_1_clone"]}}, 
          "type": "cloning"
        }
      }
    }, 
    "fields": {
      "number": {
        "workflow": {
          "mclass": "FieldProcessingWorkflow", 
          "settings": {"recstr": ":/recstr/card_indent_number_recstr.json"}, 
          "type": "common"
        }
      }, 
      "check_1000000007001": {"workflow": {"mclass": "FieldProcessingWorkflow", "type": "dummy"}},
      "text_line_0": {"workflow": "workflow/card_indent_expdate_field_workflow.json"}, 
      "text_line_1": {"workflow": "workflow/card_indent_expdate_field_workflow.json"}, 
      "text_line_1_clone": {"workflow": "workflow/card_indent_name_field_workflow.json"}, 
      "text_line_2": {"workflow": "workflow/card_indent_name_field_workflow.json"}
    }, 
    "formatters": [
      {
        "allow_incomplete_inputs": false, 
        "formatter": "postprocessor/card_field_selector_indent.json", 
        "input_fields": [
          "text_line_0", 
          "text_line_1", 
          "text_line_1_clone", 
          "text_line_2"
        ], 
        "output_fields": ["expiry_date", "name"]
      }, 
      {
        "formatter": "postprocessor/card_expiry_date_formatter.json", 
        "input_fields": ["expiry_date"]
      }, 
      {
        "allow_incomplete_inputs": true, 
        "formatter": "postprocessor/template_confirmer.json", 
        "input_fields": ["number"], 
        "output_fields": ["__template_confirmed__", "number"]
      }
    ], 
    "image_integrators": {"__default__": ":/integrator/default_image_integrator.json"}, 
    "integrators": {
      "__default__": ":/integrator/experimental_rover_integrator.json", 
      "expiry_date": "integrators/expiry_date_integrator_indent.json", 
      "name": "integrators/name_integrator_indent.json", 
      "number": "integrators/number_integrator.json",
      "check_1000000007001": ":/integrator/fraud/check_screen.json"
    }, 
    "size": [856, 540], 
    "zones": {
      "number_zone": {
        "fields_translation": {"field": "number"}, 
        "force_processing": true, 
        "rect": [0, 265, 856, 110], 
        "workflow": {
          "mclass": "ZoneProcessingWorkflow", 
          "settings": {
            "template_confirmation_enabled": false, 
            "vertsgm": ":/vertsgm/dummy_single_field_vertsgm.json"
          }, 
          "type": "common"
        }
      }, 
      "text_zone": {
        "rect": [30, 385, 620, 155], 
        "workflow": {
          "mclass": "ZoneProcessingWorkflow", 
          "settings": {
            "template_confirmation_enabled": false, 
            "vertsgm": "vertsgm/indent_text_zone_vertsgm.json"
          }, 
          "type": "common"
        }
      },
      "sth_zone": {
        "rect": [0, 0, 856, 540], 
        "workflow": {
          "mclass": "ZoneProcessingWorkflow", 
          "settings": {
          }, 
          "type": "strips_retriever"
        }
      }
    }
  }
}