{
  "mclass": "TplFinderEngineInteface", 
  "settings": {
    "finders": [
      {"config": ":/docs/card/ffe_config_mobile.json", "dispatch": "*"}, 
      {
        "config": {
          "mclass": "TplFinderEngineInteface", 
          "settings": {
            "embossed_template_name": "card.embossed:front", 
            "indemb_number_rect": [0, 265, 856, 110], 
            "indemb_orientation_checker": "indemb_orientation_checker.json", 
            "indemb_type_checker_recstr": ":/recstr/card_type_checker_recstr.json", 
            "indemb_type_geom_rejector_thr": 0.8, 
            "indent_template_name": "card.indent:front", 
            "min_indemb_confidence": 8.5, 
            "nonindemb_landscape_template_name": "card.freeform:landscape", 
            "nonindemb_portrait_template_name": "card.freeform:portrait", 
            "template_height": 540, 
            "template_width": 856, 
            "text_orientation_estimator": "text_orientation_estimator.json"
          }, 
          "type": "cardreader_cascade"
        }, 
        "dispatch": "*"
      }
    ]
  }, 
  "type": "multi_sequence"
}