{
  "rus.id.police.type1": {
    "(documentation)": {
      "description": "Russian Police ID (Russia's coat of arms on the top-right)", 
      "name": "Russian Police ID"
    }, 
    "forensic_fields": ["check_1000000002002"], 
    "output_fields": [
      "photo", 
      "personal_number", 
      "number", 
      "series", 
      "expiry_date", 
      "issue_date", 
      "rank", 
      "surname", 
      "name", 
      "patronymic", 
      "post", 
      "post_line1", 
      "post_line2", 
      "signature"
    ], 
    "postprocessors": [
      {
        "input_fields": ["name_and_patronymic"], 
        "output_fields": ["name", "patronymic"], 
        "postprocessor": "postprocessors/police_name_patronymic_splitter_postprocessor.json"
      }, 
      {
        "input_fields": ["name"], 
        "postprocessor": "postprocessors/name_postprocessor.json"
      }, 
      {
        "input_fields": ["patronymic"], 
        "postprocessor": "postprocessors/patronymic_postprocessor.json"
      }, 
      {
        "input_fields": ["name", "patronymic"], 
        "output_fields": ["name_and_patronymic"], 
        "postprocessor": "postprocessors/police_name_patronymic_merger_postprocessor.json"
      }, 
      {
        "input_fields": ["surname"], 
        "postprocessor": "postprocessors/surname_postprocessor.json"
      }, 
      {
        "input_fields": ["number"], 
        "output_fields": ["number"], 
        "postprocessor": ":/postprocessor/alphabet/digits_only_number_6_postprocessor.json"
      }, 
      {
        "input_fields": ["issue_day", "issue_month", "issue_year"], 
        "output_fields": ["issue_day", "issue_month", "issue_year", "issue_date"], 
        "postprocessor": "postprocessors/police_issue_date_postprocessor.json"
      }, 
      {
        "input_fields": ["expiry_day", "expiry_month", "expiry_year"], 
        "output_fields": ["expiry_day", "expiry_month", "expiry_year", "expiry_date"], 
        "postprocessor": "postprocessors/police_expiry_date_postprocessor.json"
      }, 
      {
        "allow_incomplete_inputs": true, 
        "input_fields": ["check_signature_presence"], 
        "output_fields": ["check_signature_presence", "check_1000000002002"], 
        "postprocessor": ":/postprocessor/fraud/signatures_check_aggregator.json"
      }
    ], 
    "rejectors": {"__default__": ":/rejector/default_loyal_rejector.json"}, 
    "templates": {
      "rus.id.police.type1:page1": {"path": "tpl__rus.id.police.type1.page1.json"}, 
      "rus.id.police.type1:page2": {"path": "tpl__rus.id.police.type1.page2.json"}
    }
  }
}