{
  "rus.id.military.type3": {
    "(documentation)": {
      "description": "Russian Military ID (star with the USSR sign on the top)", 
      "name": "Russian Military ID"
    }, 
    "forensic_fields": ["check_1000000002002"], 
    "output_fields": ["photo", "signature", "number"], 
    "postprocessors": [
      {
        "allow_incomplete_inputs": true, 
        "input_fields": ["check_signature_presence"], 
        "output_fields": ["check_signature_presence", "check_1000000002002"], 
        "postprocessor": ":/postprocessor/fraud/signatures_check_aggregator.json"
      }
    ], 
    "rejectors": {"__default__": ":/rejector/default_loyal_rejector.json"}, 
    "templates": {
      "rus.id.military.type3:page1": {"path": "tpl__rus.id.military.type3.page1.json"}, 
      "rus.id.military.type3:page2": {"path": "tpl__rus.id.military.type3.page2.json"}
    }
  }
}