{
  "rus.id.soldier.type1": {
    "(documentation)": {
      "description": "Russian Soldier ID (Russia's coat of arms on the background left)", 
      "name": "Russian Soldier ID"
    },
    "output_fields": ["photo", "surname", "name", "patronymic", "birth_date", "number"], 
    "postprocessors": [
      {
        "input_fields": ["surname"], 
        "output_fields": ["surname"], 
        "postprocessor": "postprocessors/surname_postprocessor.json"
      }, 
      {
        "input_fields": ["name"], 
        "output_fields": ["name"], 
        "postprocessor": "postprocessors/name_postprocessor.json"
      }, 
      {
        "input_fields": ["patronymic"], 
        "output_fields": ["patronymic"], 
        "postprocessor": "postprocessors/patronymic_postprocessor.json"
      }, 
      {
        "input_fields": ["number"], 
        "output_fields": ["number"], 
        "postprocessor": ":/postprocessor/alphabet/digits_only_number_10_postprocessor.json"
      }, 
      {
        "input_fields": ["birth_date"], 
        "output_fields": ["birth_date"], 
        "postprocessor": ":/postprocessor/date/default_birth_date_DDMMYYYY_postprocessor.json"
      }
    ], 
    "rejectors": {"__default__": ":/rejector/default_loyal_rejector.json"}, 
    "templates": {
      "rus.id.soldier.type1:front": {"path": "tpl__rus.id.soldier.type1.front.json"}
    }
  }
}