{
  "rus.id.lawyer.type1": {
    "(documentation)": {
      "description": "Russian Lawyer ID (biometric symbol on the top, Russia's coat of arms on the top-right)", 
      "name": "Russian Lawyer ID"
    }, 
    "forensic_fields": ["check_1000000002002"], 
    "output_fields": [
      "photo", 
      "number", 
      "authority", 
      "issue_date", 
      "registration_number", 
      "constituent_entity", 
      "last_name", 
      "name", 
      "patronymic", 
      "head_name", 
      "head_signature"
    ], 
    "postprocessors": [
      {
        "input_fields": ["name_and_patronymic"], 
        "output_fields": ["name", "patronymic"], 
        "postprocessor": "postprocessors/police_name_patronymic_splitter_postprocessor.json"
      }, 
      {
        "input_fields": ["name"], 
        "postprocessor": "postprocessors/name_postprocessor.json"
      }, 
      {
        "input_fields": ["patronymic"], 
        "postprocessor": "postprocessors/patronymic_postprocessor.json"
      }, 
      {
        "input_fields": ["name", "patronymic"], 
        "output_fields": ["name_and_patronymic"], 
        "postprocessor": "postprocessors/police_name_patronymic_merger_postprocessor.json"
      }, 
      {
        "input_fields": ["last_name"], 
        "postprocessor": "postprocessors/surname_postprocessor.json"
      }, 
      {
        "input_fields": ["issue_date"], 
        "postprocessor": "postprocessors/month_postprocessor.json"
      }, 
      {
        "input_fields": ["issue_date"], 
        "postprocessor": "postprocessors/issue_date_postprocessor.json"
      }, 
      {
        "allow_incomplete_inputs": true, 
        "input_fields": ["check_head_signature_presence"], 
        "output_fields": ["check_head_signature_presence", "check_1000000002002"], 
        "postprocessor": ":/postprocessor/fraud/signatures_check_aggregator.json"
      }
    ], 
    "rejectors": {"__default__": ":/rejector/default_loyal_rejector.json"}, 
    "templates": {
      "rus.id.lawyer.type1:page1": {"path": "tpl__rus.id.lawyer.type1.page1.json"}, 
      "rus.id.lawyer.type1:page2": {"path": "tpl__rus.id.lawyer.type1.page2.json"}
    }
  }
}