{
  "rus.id.military.type2:page1": {
    "config": "templates/rus.id.military.type2.page1.common.json", 
    "expected_fields": ["number"], 
    "field_group_preprocessors": {
      "image_checks": {
        "workflow": {
          "mclass": "FieldGroupProcessingWorkflow", 
          "settings": {
            "detector": ":/signature_retriever/psp_signature_detector.json", 
            "group_name": "image_checks", 
            "input_fields": ["signature"], 
            "output_fields": ["check_signature_presence"], 
            "subtype": "signature"
          }, 
          "type": "check_image"
        }
      }
    }, 
    "fields": {
      "check_signature_presence": {
        "workflow": {"mclass": "FieldProcessingWorkflow", "settings": {}, "type": "dummy"}
      }, 
      "number": {
        "scale": 1.8, 
        "workflow": {
          "mclass": "FieldProcessingWorkflow", 
          "settings": {
            "custom_alphabet": "АБВГДЕЁЖЗИЙКЛМНОПРСТУФХЦЧШЩЪЫЬЭЮЯ -N.()№\\\"'123456789", 
            "deshearer": ":/mixangler/dummy_deshearer.json", 
            "recstr": ":/recstr/rus.id.military__symbols_recstr.json"
          }, 
          "type": "common"
        }
      }, 
      "photo": {
        "workflow": {"mclass": "FieldProcessingWorkflow", "settings": {}, "type": "image"}
      }, 
      "signature": {
        "workflow": {"mclass": "FieldProcessingWorkflow", "settings": {}, "type": "image"}
      }
    }, 
    "formatters": [
      {
        "formatter": "postprocessors/military_number_alphabet_postprocessor_var2.json", 
        "input_fields": ["number"]
      }, 
      {
        "formatter": ":/postprocessor/empty_fields_remover.json", 
        "input_fields": ["number"]
      }
    ], 
    "image_integrators": {
      "__default__": ":/integrator/default_image_integrator.json", 
      "photo": ":/integrator/default_photo_integrator.json"
    }, 
    "integrators": {
      "__default__": ":/integrator/default_rover_integrator.json", 
      "check_signature_presence": ":/integrator/fraud/default_check_signatures_integrators.json", 
      "number": ":/integrator/default_token_integrator.json"
    }, 
    "size": [560, 740], 
    "zones": {
      "photo_zone": {
        "rect": [0, 400, 400, 400], 
        "workflow": ":/photo_retriever/common_objed_photo_retriever.json"
      }, 
      "signature": {
        "rect": [260, 610, 250, 100], 
        "size_override": [875, 350], 
        "workflow": ":/signature_retriever/signature_retriever.json"
      }, 
      "zone1": {
        "rect": [125, 115, 320, 70], 
        "workflow": {
          "mclass": "ZoneProcessingWorkflow", 
          "settings": {"vertsgm": "vertsgm/military_number_zone.json"}, 
          "type": "common"
        }
      }
    }
  }
}