{
  "rus.id.lawyer.type1:page2": {
    "config": "templates/rus.id.lawyer.type1.page2.common.json", 
    "expected_fields": [], 
    "field_group_preprocessors": {
      "image_checks": {
        "workflow": {
          "mclass": "FieldGroupProcessingWorkflow", 
          "settings": {
            "detector": ":/signature_retriever/psp_signature_detector.json", 
            "group_name": "image_checks", 
            "input_fields": ["head_signature"], 
            "output_fields": ["check_head_signature_presence"], 
            "subtype": "signature"
          }, 
          "type": "check_image"
        }
      }
    }, 
    "fields": {
      "check_head_signature_presence": {
        "workflow": {"mclass": "FieldProcessingWorkflow", "settings": {}, "type": "dummy"}
      }, 
      "constituent_entity_line0": {
        "scale": 1.4, 
        "workflow": {
          "mclass": "FieldProcessingWorkflow", 
          "settings": {
            "custom_alphabet": "АБВГДЕЁЖЗИЙКЛМНОПРСТУФХЦЧШЩЪЫЬЭЮЯ .", 
            "deshearer": "mixangler/common.json", 
            "recstr": ":/recstr/rus.birth_certificate__bplace_recstr.json"
          }, 
          "type": "common"
        }
      }, 
      "constituent_entity_line1": {
        "scale": 1.4, 
        "workflow": {
          "mclass": "FieldProcessingWorkflow", 
          "settings": {
            "custom_alphabet": "АБВГДЕЁЖЗИЙКЛМНОПРСТУФХЦЧШЩЪЫЬЭЮЯ .", 
            "deshearer": "mixangler/common.json", 
            "recstr": ":/recstr/rus.birth_certificate__bplace_recstr.json"
          }, 
          "type": "common"
        }
      }, 
      "constituent_entity_line2": {
        "scale": 1.4, 
        "workflow": {
          "mclass": "FieldProcessingWorkflow", 
          "settings": {
            "custom_alphabet": "АБВГДЕЁЖЗИЙКЛМНОПРСТУФХЦЧШЩЪЫЬЭЮЯ .", 
            "deshearer": "mixangler/common.json", 
            "recstr": ":/recstr/rus.birth_certificate__bplace_recstr.json"
          }, 
          "type": "common"
        }
      }, 
      "head_name": {
        "scale": 1.3, 
        "workflow": {
          "mclass": "FieldProcessingWorkflow", 
          "settings": {
            "custom_alphabet": "АБВГДЕЁЖЗИЙКЛМНОПРСТУФХЦЧШЩЪЫЬЭЮЯ -.", 
            "deshearer": "mixangler/common.json", 
            "recstr": ":/recstr/rus.birth_certificate__bplace_recstr.json"
          }, 
          "type": "common"
        }
      }, 
      "head_signature": {
        "workflow": {"mclass": "FieldProcessingWorkflow", "settings": {}, "type": "image"}
      }, 
      "last_name": {
        "scale": 0.9, 
        "workflow": {
          "mclass": "FieldProcessingWorkflow", 
          "settings": {
            "custom_alphabet": "АБВГДЕЁЖЗИЙКЛМНОПРСТУФХЦЧШЩЪЫЬЭЮЯ ", 
            "deshearer": "mixangler/common.json", 
            "recstr": ":/recstr/rus.birth_certificate__bplace_recstr.json"
          }, 
          "type": "common"
        }
      }, 
      "name_and_patronymic": {
        "scale": 1.3, 
        "workflow": {
          "mclass": "FieldProcessingWorkflow", 
          "settings": {
            "custom_alphabet": "АБВГДЕЁЖЗИЙКЛМНОПРСТУФХЦЧШЩЪЫЬЭЮЯ ", 
            "deshearer": "mixangler/common.json", 
            "recstr": ":/recstr/rus.birth_certificate__bplace_recstr.json"
          }, 
          "type": "common"
        }
      }, 
      "registration_number": {
        "scale": 1.3, 
        "workflow": {
          "mclass": "FieldProcessingWorkflow", 
          "settings": {
            "custom_alphabet": "0123456789 /", 
            "deshearer": "mixangler/common.json", 
            "recstr": ":/recstr/001__n0028_recstr.json"
          }, 
          "type": "common"
        }
      }
    }, 
    "formatters": [
      {
        "formatter": ":/postprocessor/spaces_filter.json", 
        "input_fields": ["registration_number"]
      }, 
      {
        "allow_incomplete_inputs": true, 
        "input_fields": [
          "constituent_entity_line0", 
          "constituent_entity_line1", 
          "constituent_entity_line2"
        ], 
        "output_fields": [
          "constituent_entity", 
          "constituent_entity_line0", 
          "constituent_entity_line1", 
          "constituent_entity_line2"
        ], 
        "postprocessor": {
          "mclass": "Postprocessor", 
          "settings": {
            "input_fields_sequence": [
              "constituent_entity_line0", 
              "constituent_entity_line1", 
              "constituent_entity_line2"
            ], 
            "output_field": "constituent_entity", 
            "separator": " "
          }, 
          "type": "merge"
        }
      }
    ], 
    "image_integrators": {"__default__": ":/integrator/default_image_integrator.json"}, 
    "integrators": {
      "__default__": ":/integrator/default_rover_integrator.json", 
      "check_head_signature_presence": ":/integrator/fraud/default_check_signatures_integrators.json"
    }, 
    "size": [650, 450], 
    "zones": {
      "data_zone": {
        "rect": [0, 0, 650, 450], 
        "workflow": {
          "mclass": "ZoneProcessingWorkflow", 
          "settings": {
            "extract_field_images": true, 
            "img_processor": {
              "mclass": "ImageProcessorInterface", 
              "settings": {"satur_coef": 1.5}, 
              "type": "satur_suppress"
            }, 
            "zone_processor": {
              "mclass": "ZoneProcessingWorkflow", 
              "settings": {"vertsgm": "vertsgm/lawyer_type1_page2_with_dp.json"}, 
              "type": "common"
            }
          }, 
          "type": "with_preprocessing"
        }
      }, 
      "head_signature": {
        "rect": [0, 350, 330, 100], 
        "size_override": [1643, 498], 
        "workflow": "vertsgm/lawyer_type1_head_signature_retriever.json"
      }
    }
  }
}