{
  "rus.id.prosecutor.type1:page1": {
    "config": "templates/rus.id.prosecutor.type1.page1.common.json", 
    "expected_fields": ["number", "series"], 
    "field_group_preprocessors": {
      "image_checks": {
        "workflow": {
          "mclass": "FieldGroupProcessingWorkflow", 
          "settings": {
            "detector": ":/signature_retriever/psp_signature_detector.json", 
            "group_name": "image_checks", 
            "input_fields": ["signature"], 
            "output_fields": ["check_signature_presence"], 
            "subtype": "signature"
          }, 
          "type": "check_image"
        }
      }
    }, 
    "fields": {
      "check_signature_presence": {
        "workflow": {"mclass": "FieldProcessingWorkflow", "settings": {}, "type": "dummy"}
      }, 
      "number": {
        "scale": 1.2, 
        "workflow": {
          "mclass": "FieldProcessingWorkflow", 
          "settings": {
            "custom_alphabet": "0123456789 -/.", 
            "recstr": ":/recstr/001__n0000_recstr.json"
          }, 
          "type": "common"
        }
      }, 
      "photo": {
        "workflow": {"mclass": "FieldProcessingWorkflow", "settings": {}, "type": "image"}
      }, 
      "series": {
        "scale": 1.2, 
        "workflow": {
          "mclass": "FieldProcessingWorkflow", 
          "settings": {
            "custom_alphabet": "АБВГДЕЁЖЗИЙКЛМНОПРСТУФХЦЧШЩЪЫЬЭЮЯ123456789 ().-/", 
            "recstr": ":/recstr/rus.id.prosecutor__caps_small_symbols_recstr.json"
          }, 
          "type": "common"
        }
      }, 
      "signature": {
        "workflow": {"mclass": "FieldProcessingWorkflow", "settings": {}, "type": "image"}
      }
    }, 
    "formatters": [
      {
        "formatter": ":/postprocessor/punctuation_filter.json", 
        "input_fields": ["number"]
      }, 
      {
        "formatter": ":/postprocessor/punctuation_filter.json", 
        "input_fields": ["series"]
      }
    ], 
    "image_integrators": {
      "__default__": ":/integrator/default_image_integrator.json", 
      "photo": ":/integrator/default_photo_integrator.json"
    }, 
    "integrators": {
      "__default__": ":/integrator/default_rover_integrator.json", 
      "check_signature_presence": ":/integrator/fraud/default_check_signatures_integrators.json", 
      "number": ":/integrator/default_token_integrator.json", 
      "series": ":/integrator/default_token_integrator.json"
    }, 
    "size": [650, 450], 
    "zones": {
      "number": {
        "rect": [10, 375, 300, 45], 
        "workflow": {
          "mclass": "ZoneProcessingWorkflow", 
          "settings": {
            "extract_field_images": true, 
            "img_processor": {
              "mclass": "ImageProcessorInterface", 
              "settings": {"satur_coef": 1.5}, 
              "type": "satur_suppress"
            }, 
            "zone_processor": {
              "mclass": "ZoneProcessingWorkflow", 
              "settings": {"vertsgm": "vertsgm/prosecutor_type1_page1_zone1.json"}, 
              "type": "common"
            }
          }, 
          "type": "with_preprocessing"
        }
      }, 
      "photo_zone": {
        "rect": [15, 5, 280, 350], 
        "workflow": ":/photo_retriever/common_objed_photo_retriever.json"
      }, 
      "signature": {
        "rect": [375, 360, 275, 70], 
        "size_override": [962, 245], 
        "workflow": ":/signature_retriever/signature_retriever.json"
      }
    }
  }
}