{
  "rus.id.prosecutor.type1:page2": {
    "config": "templates/rus.id.prosecutor.type1.page2.common.json", 
    "expected_fields": ["issue_date", "surname", "name", "rank", "patronymic"], 
    "fields": {
      "name_and_patronymic": {
        "scale": 1.8, 
        "workflow": {
          "mclass": "FieldProcessingWorkflow", 
          "settings": {
            "custom_alphabet": "АБВГДЕЁЖЗИЙКЛМНОПРСТУФХЦЧШЩЪЫЬЭЮЯ. -", 
            "deshearer": "mixangler/common.json", 
            "recstr": ":/recstr/rus.id.prosecutor__caps_small_symbols_recstr.json"
          }, 
          "type": "common"
        }
      }, 
      "number": {
        "scale": 1.8, 
        "workflow": {
          "mclass": "FieldProcessingWorkflow", 
          "settings": {
            "custom_alphabet": "0123456789 -/.", 
            "recstr": ":/recstr/001__n0000_recstr.json"
          }, 
          "type": "common"
        }
      }, 
      "rank": {
        "scale": 1.8, 
        "workflow": {
          "mclass": "FieldProcessingWorkflow", 
          "settings": {
            "custom_alphabet": "АБВГДЕЁЖЗИЙКЛМНОПРСТУФХЦЧШЩЪЫЬЭЮЯ123456789 ().-/", 
            "deshearer": "mixangler/common.json", 
            "recstr": ":/recstr/rus.id.prosecutor__caps_small_symbols_recstr.json"
          }, 
          "type": "common"
        }
      }, 
      "series": {
        "scale": 1.8, 
        "workflow": {
          "mclass": "FieldProcessingWorkflow", 
          "settings": {
            "custom_alphabet": "АБВГДЕЁЖЗИЙКЛМНОПРСТУФХЦЧШЩЪЫЬЭЮЯ -N.()№\\\"'123456789", 
            "recstr": ":/recstr/rus.id.police__caps_symbols_recstr.json"
          }, 
          "type": "common"
        }
      }, 
      "surname": {
        "scale": 1.8, 
        "workflow": {
          "mclass": "FieldProcessingWorkflow", 
          "settings": {
            "custom_alphabet": "АБВГДЕЁЖЗИЙКЛМНОПРСТУФХЦЧШЩЪЫЬЭЮЯ. -", 
            "deshearer": "mixangler/common.json", 
            "recstr": ":/recstr/rus.id.prosecutor__caps_small_symbols_recstr.json"
          }, 
          "type": "common"
        }
      }
    }, 
    "formatters": [
      {
        "formatter": ":/postprocessor/punctuation_filter.json", 
        "input_fields": ["number"]
      }, 
      {
        "formatter": ":/postprocessor/punctuation_filter.json", 
        "input_fields": ["series"]
      }
    ], 
    "image_integrators": {"__default__": ":/integrator/default_image_integrator.json"}, 
    "integrators": {
      "__default__": ":/integrator/default_rover_integrator.json", 
      "number": ":/integrator/default_token_integrator.json", 
      "series": ":/integrator/default_token_integrator.json"
    }, 
    "size": [650, 450], 
    "zones": {
      "data_zone": {
        "rect": [0, 120, 655, 120], 
        "workflow": {
          "mclass": "ZoneProcessingWorkflow", 
          "settings": {"vertsgm": "vertsgm/prosecutor_type1_page2_zone1.json"}, 
          "type": "common"
        }
      }, 
      "number_zone": {
        "rect": [390, 90, 260, 45], 
        "workflow": {
          "mclass": "ZoneProcessingWorkflow", 
          "settings": {"vertsgm": "vertsgm/prosecutor_type1_page1_zone1.json"}, 
          "type": "common"
        }
      }
    }
  }
}