{
  "rus.id.prosecutor.type2:page1": {
    "config": "templates/rus.id.prosecutor.type2.page1.common.json", 
    "expected_fields": [], 
    "fields": {
      "photo": {
        "workflow": {"mclass": "FieldProcessingWorkflow", "settings": {}, "type": "image"}
      }
    }, 
    "formatters": [], 
    "image_integrators": {
      "__default__": ":/integrator/default_image_integrator.json", 
      "photo": ":/integrator/default_photo_integrator.json"
    }, 
    "integrators": {"__default__": ":/integrator/default_rover_integrator.json"}, 
    "size": [650, 450], 
    "zones": {
      "photo_zone": {
        "rect": [15, 5, 280, 350], 
        "workflow": ":/photo_retriever/common_objed_photo_retriever.json"
      }
    }
  }
}