{
  "rus.id.lawyer.type1:page1": {
    "config": "templates/rus.id.lawyer.type1.page1.common.json", 
    "expected_fields": ["photo"], 
    "fields": {
      "authority_line0": {
        "scale": 1.3, 
        "workflow": {
          "mclass": "FieldProcessingWorkflow", 
          "settings": {
            "custom_alphabet": "АБВГДЕЁЖЗИЙКЛМНОПРСТУФХЦЧШЩЪЫЬЭЮЯ -N.()№123456789", 
            "deshearer": "mixangler/common.json", 
            "recstr": ":/recstr/rus.birth_certificate__bplace_recstr.json"
          }, 
          "type": "common"
        }
      }, 
      "authority_line1": {
        "scale": 1.3, 
        "workflow": {
          "mclass": "FieldProcessingWorkflow", 
          "settings": {
            "custom_alphabet": "АБВГДЕЁЖЗИЙКЛМНОПРСТУФХЦЧШЩЪЫЬЭЮЯ -N.()№123456789", 
            "deshearer": "mixangler/common.json", 
            "recstr": ":/recstr/rus.birth_certificate__bplace_recstr.json"
          }, 
          "type": "common"
        }
      }, 
      "authority_line2": {
        "scale": 1.3, 
        "workflow": {
          "mclass": "FieldProcessingWorkflow", 
          "settings": {
            "custom_alphabet": "АБВГДЕЁЖЗИЙКЛМНОПРСТУФХЦЧШЩЪЫЬЭЮЯ -N.()№123456789", 
            "deshearer": "mixangler/common.json", 
            "recstr": ":/recstr/rus.birth_certificate__bplace_recstr.json"
          }, 
          "type": "common"
        }
      }, 
      "issue_date": {
        "scale": 1.3, 
        "workflow": {
          "mclass": "FieldProcessingWorkflow", 
          "settings": {
            "custom_alphabet": "ЯНВАРФЕЛМТПИЮГУСБОКД. 123456789", 
            "deshearer": "mixangler/common.json", 
            "recstr": ":/recstr/rus.birth_certificate__bplace_recstr.json"
          }, 
          "type": "common"
        }
      }, 
      "number": {
        "scale": 1.3, 
        "workflow": {
          "mclass": "FieldProcessingWorkflow", 
          "settings": {
            "custom_alphabet": "0123456789 ", 
            "deshearer": "mixangler/common.json", 
            "recstr": ":/recstr/001__n0028_recstr.json"
          }, 
          "type": "common"
        }
      }, 
      "photo": {
        "workflow": {"mclass": "FieldProcessingWorkflow", "settings": {}, "type": "image"}
      }
    }, 
    "formatters": [
      {"formatter": ":/postprocessor/spaces_filter.json", "input_fields": ["number"]}, 
      {
        "formatter": ":/postprocessor/punctuation_filter.json", 
        "input_fields": ["issue_date"]
      }, 
      {
        "allow_incomplete_inputs": true, 
        "input_fields": ["authority_line0", "authority_line1", "authority_line2"], 
        "output_fields": [
          "authority", 
          "authority_line0", 
          "authority_line1", 
          "authority_line2"
        ], 
        "postprocessor": {
          "mclass": "Postprocessor", 
          "settings": {
            "input_fields_sequence": [
              "authority_line0", 
              "authority_line1", 
              "authority_line2"
            ], 
            "output_field": "authority", 
            "separator": " "
          }, 
          "type": "merge"
        }
      }
    ], 
    "image_integrators": {
      "__default__": ":/integrator/default_image_integrator.json", 
      "photo": ":/integrator/default_photo_integrator.json"
    }, 
    "integrators": {"__default__": ":/integrator/default_rover_integrator.json"}, 
    "size": [650, 450], 
    "zones": {
      "data_zone": {
        "rect": [0, 195, 650, 255], 
        "workflow": {
          "mclass": "ZoneProcessingWorkflow", 
          "settings": {
            "extract_field_images": true, 
            "img_processor": {
              "mclass": "ImageProcessorInterface", 
              "settings": {"satur_coef": 1.5}, 
              "type": "satur_suppress"
            }, 
            "zone_processor": {
              "mclass": "ZoneProcessingWorkflow", 
              "settings": {"vertsgm": "vertsgm/lawyer_type1_page1_with_dp.json"}, 
              "type": "common"
            }
          }, 
          "type": "with_preprocessing"
        }
      }, 
      "photo_zone": {
        "rect": [28, 15, 223, 251], 
        "workflow": ":/photo_retriever/common_objed_photo_retriever.json"
      }
    }
  }
}