{
  "rus.id.police.type1:page1": {
    "config": "templates/rus.id.police.type1.page1.common.json", 
    "expected_fields": ["personal_number", "number", "series", "expiry_date"], 
    "fields": {
      "expiry_day": {
        "scale": 1.5, 
        "workflow": {
          "mclass": "FieldProcessingWorkflow", 
          "settings": {
            "custom_alphabet": "0123456789 -/.", 
            "deshearer": ":/mixangler/dummy_deshearer.json", 
            "recstr": ":/recstr/001__n0000_recstr.json"
          }, 
          "type": "common"
        }
      }, 
      "expiry_month": {
        "scale": 1.5, 
        "workflow": {
          "mclass": "FieldProcessingWorkflow", 
          "settings": {
            "custom_alphabet": "АБВГДЕЁЖЗИЙКЛМНОПРСТУФХЦЧШЩЪЫЬЭЮЯ -N.()№\\\"'123456789", 
            "deshearer": ":/mixangler/dummy_deshearer.json", 
            "recstr": ":/recstr/rus.id.police__caps_small_symbols_recstr.json"
          }, 
          "type": "common"
        }
      }, 
      "expiry_year": {
        "scale": 1.5, 
        "workflow": {
          "mclass": "FieldProcessingWorkflow", 
          "settings": {
            "custom_alphabet": "0123456789 -/.", 
            "deshearer": ":/mixangler/dummy_deshearer.json", 
            "recstr": ":/recstr/001__n0000_recstr.json"
          }, 
          "type": "common"
        }
      }, 
      "number": {
        "scale": 1.2, 
        "workflow": {
          "mclass": "FieldProcessingWorkflow", 
          "settings": {
            "custom_alphabet": "АБВГДЕЁЖЗИЙКЛМНОПРСТУФХЦЧШЩЪЫЬЭЮЯ -N.()№\\\"'123456789", 
            "deshearer": ":/mixangler/dummy_deshearer.json", 
            "recstr": ":/recstr/rus.id.police__number_recstr.json"
          }, 
          "type": "common"
        }
      }, 
      "personal_number": {
        "scale": 1.3, 
        "workflow": {
          "mclass": "FieldProcessingWorkflow", 
          "settings": {
            "custom_alphabet": "АБВГДЕЁЖЗИЙКЛМНОПРСТУФХЦЧШЩЪЫЬЭЮЯ -N.()№\\\"'123456789", 
            "deshearer": ":/mixangler/dummy_deshearer.json", 
            "recstr": ":/recstr/rus.id.police__caps_symbols_recstr.json"
          }, 
          "type": "common"
        }
      }, 
      "photo": {
        "workflow": {"mclass": "FieldProcessingWorkflow", "settings": {}, "type": "image"}
      }, 
      "series": {
        "scale": 1.2, 
        "workflow": {
          "mclass": "FieldProcessingWorkflow", 
          "settings": {
            "custom_alphabet": "АБВГДЕЁЖЗИЙКЛМНОПРСТУФХЦЧШЩЪЫЬЭЮЯ -N.()№\\\"'123456789", 
            "deshearer": ":/mixangler/dummy_deshearer.json", 
            "recstr": ":/recstr/rus.id.police__caps_symbols_recstr.json"
          }, 
          "type": "common"
        }
      }
    }, 
    "formatters": [
      {
        "formatter": ":/postprocessor/punctuation_filter.json", 
        "input_fields": ["expiry_day"]
      }, 
      {
        "formatter": ":/postprocessor/punctuation_filter.json", 
        "input_fields": ["expiry_month"]
      }, 
      {
        "formatter": ":/postprocessor/punctuation_filter.json", 
        "input_fields": ["expiry_year"]
      }, 
      {
        "formatter": ":/postprocessor/dummy_postprocessor.json", 
        "input_fields": ["personal_number"]
      }, 
      {
        "formatter": "postprocessors/police_number_clutter_filter.json", 
        "input_fields": ["number"]
      }, 
      {
        "formatter": ":/postprocessor/punctuation_filter.json", 
        "input_fields": ["series"]
      }, 
      {
        "input_fields": ["personal_number"], 
        "postprocessor": "postprocessors/police_personal_number_postprocessor.json"
      }
    ], 
    "image_integrators": {
      "__default__": ":/integrator/default_image_integrator.json", 
      "photo": ":/integrator/default_photo_integrator.json"
    }, 
    "integrators": {
      "__default__": ":/integrator/default_rover_integrator.json", 
      "expiry_day": ":/integrator/default_token_integrator.json", 
      "expiry_year": ":/integrator/default_token_integrator.json", 
      "number": ":/integrator/default_token_integrator.json", 
      "personal_number": ":/integrator/default_token_integrator.json", 
      "series": ":/integrator/default_token_integrator.json"
    }, 
    "size": [650, 450], 
    "zones": {
      "photo_zone": {
        "rect": [0, 0, 440, 380], 
        "workflow": ":/photo_retriever/common_objed_photo_retriever.json"
      }, 
      "zone1": {
        "rect": [10, 390, 300, 60], 
        "workflow": {
          "mclass": "ZoneProcessingWorkflow", 
          "settings": {"vertsgm": "vertsgm/police_page1_zone1.json"}, 
          "type": "common"
        }
      }, 
      "zone2": {
        "rect": [340, 300, 300, 60], 
        "workflow": {
          "mclass": "ZoneProcessingWorkflow", 
          "settings": {"vertsgm": "vertsgm/police_page1_zone2.json"}, 
          "type": "common"
        }
      }, 
      "zone3": {
        "rect": [310, 390, 300, 60], 
        "workflow": {
          "mclass": "ZoneProcessingWorkflow", 
          "settings": {"vertsgm": "vertsgm/police_page1_zone3.json"}, 
          "type": "common"
        }
      }
    }
  }
}