{
  "rus.id.military.type3:page2": {
    "config": "templates/rus.id.military.type3.page2.common.json", 
    "expected_fields": ["number"], 
    "fields": {
      "number": {
        "scale": 2.0, 
        "workflow": {
          "mclass": "FieldProcessingWorkflow", 
          "settings": {
            "custom_alphabet": "АБВГДЕЁЖЗИЙКЛМНОПРСТУФХЦЧШЩЪЫЬЭЮЯ -N.()№\\\"'123456789", 
            "deshearer": ":/mixangler/dummy_deshearer.json", 
            "recstr": ":/recstr/rus.id.military__symbols_recstr.json"
          }, 
          "type": "common"
        }
      }
    }, 
    "formatters": [
      {
        "formatter": "postprocessors/military_number_alphabet_postprocessor_var1.json", 
        "input_fields": ["number"]
      }, 
      {
        "formatter": ":/postprocessor/empty_fields_remover.json", 
        "input_fields": ["number"]
      }
    ], 
    "image_integrators": {"__default__": ":/integrator/default_image_integrator.json"}, 
    "integrators": {
      "__default__": ":/integrator/default_rover_integrator.json", 
      "number": ":/integrator/default_token_integrator.json"
    }, 
    "size": [560, 800], 
    "zones": {
      "zone1": {
        "rect": [15, 20, 380, 70], 
        "workflow": {
          "mclass": "ZoneProcessingWorkflow", 
          "settings": {"vertsgm": "vertsgm/military_number_zone.json"}, 
          "type": "common"
        }
      }
    }
  }
}