[
    {
        "descriptors": [
            {
                "angle": 0,
                "path": "variants/rus_id_military_type1_page2_0.desc"
            },
            {
                "angle": 90,
                "path": "variants/rus_id_military_type1_page2_1.desc"
            },
            {
                "angle": 180,
                "path": "variants/rus_id_military_type1_page2_2.desc"
            },
            {
                "angle": 270,
                "path": "variants/rus_id_military_type1_page2_3.desc"
            }
        ],
        "keypoints": "variants/rus_id_military_type1_page2.txt",
        "(source)": "sources/rus_id_military_type1_page2.png"
    }
]