{
  "mclass": "FieldProcessingWorkflow", 
  "settings": {
    "processors": [
      {
        "mclass": "FieldProcessingWorkflow", 
        "settings": {"recstr": ":/recstr/card_indent_name_recstr.json"}, 
        "type": "common"
      }, 
      {
        "mclass": "FieldProcessingWorkflow", 
        "settings": {
          "cardreader_vsegm": ":/docs/card/vertsgm/indent_text_zone_vertsgm.json", 
          "expand_y": 1, 
          "is_embossed": false
        }, 
        "type": "cropping"
      }
    ]
  }, 
  "type": "multi_sequence"
}