{
  "mclass": "ZoneProcessingWorkflow", 
  "settings": {
    "expand_field_roi_x": 0.07, 
    "expand_field_roi_y": 0.15, 
    "expdate_postprocessor": ":/docs/card/postprocessor/freeform_card_expdate_postprocessor.json", 
    "fcr_custom_alphabet": " -/0123456789ABCDEFGHIJKLMNOPQRSTUVWXYZ", 
    "iban_postprocessor": ":/docs/card/postprocessor/iban_postprocessor.json", 
    "name_trigrams_path": ":/docs/card/dictionaries/name_surname_trigrams.pb", 
    "name_alphabet_postprocessor": ":/docs/card/postprocessor/name_alphabet_postprocessor.json",
    "number_postprocessor": ":/docs/card/postprocessor/freeform_card_number_postprocessor.json", 
    "ocr_str_splitting_space_depth": 1.5, 
    "recstrs": ["recstrs_freeform43.json", "recstrs_freeform32.json"], 
    "roi_recstr": "roi_recstr.json"
  }, 
  "type": "cardreader_freeform_workflow"
}