{
  "filter_spaces": false, 
  "invert_image": false, 
  "linesgm": {
    "mclass": "LineSegmentator", 
    "settings": {
      "crop_spaces_conf": 0.15, 
      "fcr": {"layer_applier": {"nn_path": ":/recstr/special_nn/card_heatmap.pb"}}, 
      "font_depth": {"@": [1.1, 1.3], "IJ ": [0.25, 0.75], "~": [0.5, 1.0]}, 
      "letter_spacing": [0.0, 0.15]
    }, 
    "type": "simple"
  }, 
  "normalize_spaces": true, 
  "scales_x": [0.9], 
  "sym_h_ratio": 1.0, 
  "sym_heights": [32]
}