{
  "base_lines_finder": {
    "mclass": "BaseLinesFinder", 
    "settings": {"extend_blines": false}, 
    "type": "simple"
  }, 
  "filter_spaces": true, 
  "linesgm": {
    "mclass": "LineSegmentator", 
    "settings": {
      "fcr": {
        "autocontrast": false, 
        "layer_applier": {"nn_path": ":/recstr/special_nn/card_heatmap.pb"}, 
        "scale_x": 0.6, 
        "y_padding": [0.75, 0.75]
      }, 
      "fcr_only": true, 
      "font_depth": {" ": [0.3, 1.1], "I": [0.15, 0.7], "~": [0.4, 1.1]}, 
      "max_height": 42, 
      "min_height": 27
    }, 
    "type": "simple"
  }, 
  "normalize_spaces": true
}